ID,Embedding
Chaunograptus,"[ 1.3401678  -2.6185253  -1.5131514   2.5271423  -1.7407024   2.096157
  2.4941258   1.7633955   0.7971376   0.5435353   1.4201      2.4719794
 -2.6534784  -2.1394455  -2.0274298  -0.43376645]"
Dendrograptus,"[-0.93906146 -1.1861752  -1.7821676   0.52308697  0.9224268   1.7303126
 -0.61725533 -1.222312    1.7235761   2.0318081   0.26990324 -0.0963659
  0.89023197 -3.099603   -0.46359503 -0.43888977]"
Acanthograptus,"[ 1.4754927  -0.42849407 -2.1053765  -2.3773963  -1.1502695  -0.29909605
  0.984572    1.9872413  -1.979403    1.6342751   1.7372556   1.7366736
 -0.9975693  -2.4429162   0.35458362  1.844864  ]"
Hallograptus,"[-0.48311165 -1.7361597   0.15654211 -0.2964653   0.49344757  0.829175
 -0.3771851   1.7606598  -0.761543   -0.01494976  0.43470415 -1.3354951
  0.11744454  1.9279221  -2.1882715  -2.2607057 ]"
Staurograptus,"[-0.11189393 -1.2737944  -1.2378472  -3.1270382  -1.9999692  -1.1902413
 -2.3850238   1.7092142  -0.347463    2.450025    0.37974608  0.04217459
  2.0955708   0.77976406 -1.9563915  -1.6805494 ]"
Dictyonema,"[ 0.9821993   0.81015223  0.6828148   0.05143278 -0.31885058  0.6502658
 -1.1666147   1.0998656   2.5869708  -0.31400758 -0.6005944   1.9662251
  1.1086869  -1.0984979   0.30019513  1.5478718 ]"
Dendroidea,"[ 0.40475336  2.0610676  -1.9361935   0.8034303  -1.7339383  -0.9583772
 -1.3587786   0.56258786  2.2238867  -0.7218913  -2.102589    0.2341381
  0.96506095  0.21756794  1.9660122  -0.31792024]"
Rhabdinopora flabelliformis,"[-0.7083215  -2.0696797   0.8400813  -0.2020798   0.33067244  0.41978937
 -0.5667932   1.2592454  -1.603627    0.4009123   0.45931908 -0.92836
  0.19983868  2.045573   -1.9379348  -2.068335  ]"
Didymograptus,"[-0.10958293 -2.362948   -0.3924686  -1.0901057   1.3936218   2.494551
 -1.6029104   1.6199414  -1.3725486   0.7617036   1.3268667  -0.00979889
  1.106997    0.14111783 -0.46681052  0.04417275]"
Bryograptus,"[-2.0568826  -0.6198414   0.1681605  -2.454578   -1.6461415  -1.3669509
 -1.4051639  -0.15812871 -1.3355927   2.3747804   1.7977614   0.6320778
  1.7020273   1.2436277  -2.4079137  -0.3965339 ]"
Callograptus,"[-1.2192253  -1.2627848  -2.807279    1.6747761  -1.458978    2.13424
 -2.5199893  -0.46032113  2.1067214   1.7376132   0.6478603   1.7328304
 -0.11366075  0.19254693 -0.561327    2.135324  ]"
Clonograptus,"[-2.1633906  -0.7410151   0.35306075 -2.2967117  -1.5507677  -1.0696954
 -1.1970226  -0.17413323 -1.2843335   2.3536572   1.6820906   0.8711156
  1.8481224   1.5170889  -2.5433521  -0.3080622 ]"
Mastigograptus,"[ 0.58038837  0.28570879  1.9580851  -0.8858368   0.30069384 -1.2234722
  0.6714034  -1.7397339  -0.8506028  -1.0045353  -1.189375   -0.9858411
 -0.73243475 -0.05711085  1.6239445  -0.44512996]"
Ptilograptus,"[ 0.15572487 -0.07660042  0.8877208   0.9088129   1.4899508  -0.58132565
  0.64245784 -1.5140711  -1.48394    -0.5463373   2.370083    0.0840844
  0.6787815   1.5146805   0.8494364  -1.4354993 ]"
Graptolithina,"[-0.45006636  1.4285421   0.40892404  2.0915618  -1.7616569  -1.2184393
 -0.17696413  0.51509786  1.8449875  -0.07585902 -1.7607039   1.7260966
  0.04128344 -0.67973745  0.12294041  0.13705704]"
Triograptus,"[-2.1623452  -0.56943166  0.16157915 -2.4091325  -1.5029438  -1.126424
 -1.3437699  -0.08738165 -1.240915    2.3339002   1.6815337   0.45678577
  1.9788601   1.4517355  -2.6143224  -0.3699868 ]"
Anisograptus matanensis,"[-2.0850768  -0.64870524  0.14715135 -2.3176367  -1.6338077  -1.2462981
 -1.2068998  -0.09989773 -1.3380165   2.2679558   1.692443    0.6963103
  1.8455886   1.4995291  -2.4260068  -0.45470288]"
Diplograptus,"[ 0.3781192   0.31036827  1.3713548  -1.5673518  -0.01314546 -1.4576341
  0.38025495 -1.2722094  -0.18604206 -0.8245652  -0.6598781  -1.2876085
  0.13341407  0.47666675  0.5212842  -1.176812  ]"
Climacograptus,"[ 0.35511902  0.33410478  1.3817197  -1.5982378   0.05365014 -1.344503
  0.5898353  -1.2250911  -0.19641402 -0.881381   -0.68342435 -1.3176564
  0.10522797  0.51019835  0.45055377 -1.247276  ]"
Glyptograptus,"[ 0.57854944 -0.3425066   0.7523189  -0.05609936  1.1582367  -1.006103
 -0.91182077 -0.50641257 -0.6757546  -0.3361369   1.617139   -1.0208604
  0.10167928  1.4441694  -0.50334924 -2.3674397 ]"
Yutagraptus,"[-2.1626258  -0.30821377  0.4364428   0.640773    0.75142163  1.7735502
  2.1996746  -1.418999   -0.7300763  -0.9026089   1.9374188   1.180724
  0.82594734  2.615287   -2.0780153   0.67958856]"
Didymograptus (Didymograptus) artus,"[-1.9055885  -1.9111198   0.6933621  -0.5192284   0.7699797   0.7419969
  1.8852488  -1.5754914  -1.3824693   0.17753659  1.6199646   2.0496416
  1.5212001   2.8107612  -1.5621215   0.48582545]"
Amplexograptus,"[-0.61928266 -2.168895    0.6551745  -0.1195617   0.28171387  0.4951391
 -0.55992305  1.181401   -1.4209058   0.25504547  0.5990523  -0.943735
  0.1680657   1.9276414  -1.9019415  -2.15973   ]"
Cardiograptus,"[-1.5243323  -2.4056356   0.8032522   0.953467   -0.15663862  1.263346
  1.103201   -0.3045086  -2.747187    0.21517995  0.6950903   1.2834322
 -0.02846164  2.226208    0.08253542 -0.35865018]"
Cryptograptus,"[ 0.21763372  0.30127776  1.4740192  -0.00604838  0.5446983  -1.4732463
  0.9365971  -1.895181   -0.9413747  -1.858355    1.3730291  -0.6233686
  0.21964075  0.79678756  1.2707692  -0.59344715]"
Glossograptus,"[-0.7076324  -2.1549952   0.864256   -0.07699991  0.32292914  0.34831548
 -0.5161303   1.2344152  -1.49797     0.299979    0.456817   -0.8786851
  0.20857689  2.084288   -1.9800594  -2.1205053 ]"
Goniograptus,"[-2.4708183  -1.7980381   1.6040928  -0.82652134  1.1431432   0.24641153
  0.8320356  -1.9549706  -0.4077264   1.0339732   1.3600119   0.8889004
  1.913094    3.0949547  -1.5425671   1.2194993 ]"
Isograptus,"[-1.720421   -2.3846428   0.7600573   0.99859244 -0.27039352  1.115141
  1.0257238  -0.39958483 -2.7072463   0.24499975  0.590242    1.2958349
 -0.03299632  2.3865561   0.08556158 -0.48730052]"
Phyllograptus,"[-1.2966594  -2.304364   -0.58384705 -0.43544436 -0.8538731   0.61088616
  0.47524586  0.6778451  -1.7539636   0.33189854  0.3806162   0.0238264
  0.93788344  2.736924   -1.2326504  -1.8682499 ]"
Trigonograptus,"[-0.6520933  -2.0990083   0.67741513 -0.30344167  0.2204564   0.5401286
 -0.57825345  1.3360064  -1.5825702   0.24105844  0.4891615  -0.8038771
  0.32887217  2.0575974  -1.9302435  -2.1361535 ]"
Desmograptus,"[ 0.37843823  1.5780889  -0.89216024  0.08393738  1.193484    1.3471208
 -1.2779801   1.7835327   1.9259638   1.1144686  -1.3863385   1.2533509
  1.3561198   0.06186312  0.51722276  2.1117382 ]"
Graptoloidea,"[ 0.8921402   2.672802   -0.4121922   0.04606946  0.71116185 -0.97640955
  2.238517    0.0125828   0.1477855  -2.0085692  -0.98556834  0.78332555
 -1.6174219   0.5148563   1.6875429   0.97014517]"
Orthograptus,"[ 0.36588183  0.29243156  1.3454818  -1.5892136  -0.06100134 -1.4168092
  0.45748052 -1.2164727  -0.11363767 -0.9390141  -0.68271023 -1.3342932
  0.08213751  0.5829271   0.44494358 -1.2737404 ]"
Nemagraptus,"[-0.83375764 -1.7412051  -0.7846604   1.2655821   1.1568781   2.4549322
  2.6824043   0.4308532  -0.75389165 -1.8394419  -0.1123035   0.25953406
 -0.61898285  2.4063048  -0.564234   -0.7936021 ]"
Dicellograptus,"[-0.7339514  -2.0975559   0.81720614 -0.14530878  0.26723137  0.40364343
 -0.5097964   1.1974893  -1.4633124   0.307781    0.57673216 -0.8064848
  0.25842005  1.9231178  -1.867897   -2.041602  ]"
Reteograptus,"[-0.40435895 -1.9173303   1.5375454   1.5917274   2.2191541   2.4995265
  1.6690922   0.98238295 -0.2586552  -1.4669356  -0.10526326 -0.8811357
 -0.87735164  1.2481668  -0.9825431  -1.089232  ]"
Corynoides,"[ 0.27867213 -2.1379836  -2.0280352  -1.0292345  -1.6113929   0.68122756
  0.2934488   2.071841   -1.490276    0.05055211  0.00311661  0.03257515
  0.01872323  1.4821405  -1.0132507  -2.6299045 ]"
Dicranograptus,"[-0.5681353  -2.175735    0.6896995  -0.22317381  0.19893321  0.3835194
 -0.69396925  1.2766492  -1.5087851   0.29945478  0.6753335  -0.8412579
  0.23208395  1.9537271  -1.8802005  -2.04837   ]"
Graptoloida,"[ 1.2492701   0.4675722  -0.07950499  1.9156216   1.6048558  -0.61997473
  0.5922441  -1.4980302  -0.41329327 -1.9163923   1.7848027  -0.34792042
 -1.4235383   0.93556875  1.3390294  -1.8435655 ]"
Desmograptus cancellatus,"[ 0.9767576  -2.1853464  -0.18986936  1.5938724   1.9128151   2.1726844
  1.4347417   2.0240889  -0.66942203 -1.5726085  -0.5883546  -1.0889163
 -1.6032363   0.10407025 -0.18547365 -2.335559  ]"
Rectograptus peosta,"[ 1.0390197 -1.9738381  1.5890701  1.539533   1.6846973  1.74545
 -1.1032712  2.3518767 -1.1159828 -0.8694472 -1.5686063 -1.8936127
 -1.5765067 -0.9067681  0.0205383 -2.6508222]"
Pseudoclimacograptus,"[ 0.41039258 -0.24358425  1.6670691   0.85701144  1.8757918  -0.64313114
 -0.3676301  -1.2671721  -1.0530978  -0.79707605  1.5535522  -0.78142095
 -0.5414516   1.1800004   0.33260843 -1.4995493 ]"
Lasiograptus,"[-1.2379036  -1.6842616   2.156975    1.5356531   1.8028983   2.0952842
  1.0311888   0.8165793  -1.5637779  -0.4644592   0.3017997  -0.79974395
 -0.99515     0.9505028  -1.0696658  -0.5415069 ]"
Neurograptus,"[ 1.1066444  -2.0241914  -0.24727632  1.47611     1.9668413   2.1319163
  1.7687607   2.00072    -0.70602006 -1.5288153  -0.14988495 -1.084344
 -1.5732268   0.35905254 -0.10558791 -2.3480654 ]"
Rastrites,"[ 2.1874664   2.5958219   1.4499961  -0.8364184   0.22297364 -2.3902497
  0.38790926 -2.1493254   2.1157463  -1.7275158  -1.5849872  -1.3805517
 -1.1438397  -2.0171525   2.5578022  -0.346255  ]"
Monograptus,"[ 0.31378826  2.6356533  -1.6009326   2.0777392  -1.0903996  -0.3965599
 -1.7345251  -1.0906821   2.569911   -0.91422176 -1.7808222   0.9295121
  0.1378566  -1.5668865   3.2485228   1.7059177 ]"
Petalolithus,"[ 2.3955643  2.5918546  1.1773231  1.862374   2.2819633 -2.356818
 -1.8279489 -1.6349636  1.3862656 -1.6051345  1.3797814 -1.4008118
 -1.3231654 -0.7086819  2.0094702 -1.3776554]"
Retiolites,"[ 2.2788212   2.6583908   1.4116018  -0.87387997  0.31467873 -2.4140313
  0.27285185 -2.1549468   2.2240334  -1.5560069  -1.5980242  -1.3367417
 -1.4173375  -1.9430128   2.309745   -0.31665912]"
Saetograptus,"[ 0.24087073  1.6270547   0.89818716 -1.5137936  -0.5882938  -2.0750716
  2.1889706  -1.4098781   1.3639896  -2.1948845  -2.1220858  -1.1806201
  1.3926696  -3.387038    2.9462092   1.1665137 ]"
Colonograptus,"[ 1.4616932  2.3401403  1.1519898 -1.7509438 -1.6379356 -2.211907
  1.9366261 -1.869984   1.6143274 -1.6286488 -2.3941712 -0.6553356
  0.2293067 -2.4791687  2.7612484  1.0427285]"
Pristiograptus,"[-0.4797631   1.9382069   0.13620521  2.6410146  -0.5995281   0.598299
 -0.42602962  0.12996736  1.6716082  -1.0584644  -2.466438    0.6794558
 -0.5391708  -0.1904955   2.0871575   1.4937843 ]"
Cyrtograptus,"[ 2.153531    2.6498      1.3361884  -0.87711334  0.3130384  -2.4676497
  0.4824231  -2.1950386   2.1913269  -1.655753   -1.5677009  -1.3411263
 -1.2256466  -2.0846057   2.413574   -0.3640898 ]"
Ascograptus,"[ 2.2306283   2.6862931   1.35514    -0.8029337   0.21454258 -2.375189
  0.33624706 -2.2130325   2.2487059  -1.5904243  -1.5421596  -1.3834972
 -1.2653568  -2.0085785   2.4186604  -0.3406897 ]"
Palaeodictyota,"[ 3.5330489   2.3820138  -3.215846   -1.8323569  -1.3701887  -0.11108282
  2.1946514   0.89374375  2.985625    1.9191904  -0.8665878   1.6207999
 -3.093554   -2.3553789   0.65702343  2.9901326 ]"
Plectograptus,"[ 1.7403274   2.2006133   1.2109618  -1.7785541  -1.7505066  -2.0678997
  2.0151346  -1.8644782   1.5179113  -1.6056209  -2.212743   -0.7092918
  0.13482472 -2.4891155   2.8208797   1.113491  ]"
Spinograptus,"[ 0.77744937  1.9445812   1.05177    -1.094866   -0.88109237 -2.2593424
  1.9048309  -1.6423156   1.0531292  -2.326382   -1.2780982  -1.1171314
  1.5001907  -3.1203017   3.2414937   0.94075674]"
Linograptus,"[-0.93261284  2.4839406  -1.9469448   0.90773064 -1.4203051   0.16915053
 -1.105548   -0.36007485  3.175271   -0.06931161 -3.5132465   1.8376352
  0.5398335  -1.7632495   2.1186888   2.3081744 ]"
Thallograptus,"[ 1.7038884   2.7053843  -1.2225966   0.16716051  0.9844618  -1.0308423
  2.0463505  -1.1309772   2.799572   -0.48998562  0.6811364   0.67946327
 -1.445847   -1.7634022   0.03784995  2.3269267 ]"
Reticulograptus,"[ 1.1497577   2.7039769  -0.85606176  0.25082704  0.96748996 -1.1045091
  2.1385381   0.73501754 -0.05271586 -2.228698   -0.925538    0.77637756
 -1.3887666  -0.02500021  2.131736    0.7170197 ]"
Loganograptus,"[-1.7055553  -2.3865902   1.0404795   0.911311   -0.28637937  1.3068222
  1.1626639  -0.45633462 -2.690138    0.22018851  0.49120724  1.1183094
  0.02496593  2.2090025  -0.0597435  -0.35575798]"
Tetragraptus,"[-1.2558012  -2.1186464  -0.92764807 -0.44969034 -0.72834444  0.5812439
  0.46320814  0.9918317  -1.8247236   0.5814737   0.42093727 -0.18434648
  0.9783157   2.6566954  -1.343887   -1.7255907 ]"
Adelograptus,"[-1.9645234  -0.5054855   0.11899241 -2.5239544  -1.5089886  -1.1638235
 -1.2105707   0.03007902 -1.5388938   2.2854397   1.6658721   0.355032
  1.8180856   1.5912719  -2.3534076  -0.3169868 ]"
Kiaerograptus,"[-0.30394933 -1.526333   -1.0860623  -3.0225968  -2.0735953  -1.4076425
 -2.1875517   1.42035    -0.5289272   2.4871442   0.50587577  0.5692112
  2.1983237   0.85309505 -2.0768354  -1.5481645 ]"
Temnograptus,"[-2.0002997  -0.6102937   0.33575833 -2.389345   -1.5356671  -1.0414913
 -1.2810847  -0.26917827 -1.0101434   2.2735431   1.6275222   0.5386995
  1.957741    1.3098156  -2.416659   -0.4607033 ]"
Bohemograptus bohemicus tenuis,"[-0.2888377  1.8735584  0.3958535 -1.9670961  0.7860649 -0.6471574
  2.1486027 -2.0494518  2.7234032 -1.4811717 -3.301285  -1.1523684
  1.2029424 -2.6304853  1.9030985  1.184634 ]"
Thamnograptus,"[-1.7369194  -2.521061    0.81527627  0.8853521  -0.13004747  1.3616959
  1.1381829  -0.42803323 -2.8512726   0.23301236  0.5087369   1.1025687
  0.01388976  2.2423074  -0.02421677 -0.629496  ]"
Psigraptus,"[-0.15412304 -1.5681908  -1.2948763  -3.0755033  -1.9491485  -1.2387352
 -2.328384    1.5034839  -0.5234313   2.5464983   0.4940182   0.403431
  2.2459369   0.6778595  -1.9416238  -1.5901037 ]"
Monograptidae,"[ 0.38681728  2.6342669  -1.2719276   1.9820658  -1.1373503  -0.78674984
 -2.0596364  -0.65614474  2.7818928  -0.609589   -1.9643841   0.8680275
  0.30702242 -1.8056021   2.8266416   1.60765   ]"
Climacograptus scalaris,"[ 2.3953753   1.0129344   2.2114077   1.1945497   0.66331816 -1.6936474
 -0.16156875  0.48410013 -0.25102642 -2.2350793   0.06025876 -2.118065
 -0.76765794 -2.5404708   2.3992293  -1.196542  ]"
Paraclimacograptus innotatus,"[ 1.7789944   0.41178286  1.0684344   0.03118944  0.2936153  -0.21200496
  1.7508862  -1.0809954   0.5004157  -2.3183784  -1.786477   -1.690944
 -1.5073079  -0.79461974  2.0354154  -1.1846659 ]"
Glyptograptus tamariscus,"[ 2.3487992   0.9482392   1.7062387   1.820497    2.3283443  -0.8832172
 -1.4194444   0.46648717  0.23751111 -1.3258353   0.36843526 -2.190581
 -1.2328014  -1.5417534   1.5757673  -2.0937896 ]"
Neodiplograptus,"[ 0.24847108  1.4232621   0.8658742   0.08554566  1.9338683  -1.4691855
 -0.51300246 -1.7492353   2.5165834  -3.0019145  -2.4656243  -2.27225
 -0.9291343  -2.6744437   0.59444815 -0.43369994]"
Normalograptus normalis,"[ 2.3273165   0.95268965  2.118512    1.3575393   0.68570703 -1.6481537
 -0.15102723  0.48143575 -0.22936463 -2.2533116   0.13838063 -2.0227234
 -0.5570045  -2.4403877   2.3739245  -1.1688766 ]"
Agetograptus,"[ 1.4953889   1.3078169   1.5866836   2.1107357   1.9363607  -1.8506112
 -2.3178754  -1.1695882   1.8515567  -2.5136354  -1.1702523  -1.7865227
 -3.1076825  -0.03045071  0.559343   -1.5790082 ]"
Normalograptus,"[ 1.9822146  -0.03370684  0.38214245  2.234014    1.8848805   0.20365755
  0.27434346 -0.42673412 -0.16085078 -2.0367332   1.2198422  -1.3313448
 -1.441187    0.13077304  1.4421118  -2.4692557 ]"
Atavograptus atavus,"[ 2.373912    2.6540225   1.2117482   1.9293902   2.327539   -2.3095422
 -1.6260765  -1.6293547   1.475304   -1.6364644   1.1756624  -1.3711166
 -1.4754428  -0.74472064  1.9784977  -1.417374  ]"
Rhaphidograptus toernquisti,"[ 2.3431897  2.573304   1.1936679  1.8005388  2.1234965 -2.342722
 -1.6066018 -1.6774226  1.4832003 -1.582273   1.1232659 -1.3946841
 -1.3465675 -0.9201285  2.0097523 -1.3874269]"
Clinoclimacograptus retroversus,"[ 2.2742393   2.5863388   1.2863252  -0.8872494   0.2997515  -2.4442816
  0.40547198 -2.195364    2.1317775  -1.4558764  -1.56537    -1.3227334
 -1.3980625  -2.076838    2.34176    -0.35327142]"
Monograptus yukonensis,"[-0.923083    1.462763   -2.8373544   2.0432985  -0.79891956  1.5188868
  0.20992903  0.8864964   2.3687243  -1.0978092  -3.4397433   1.6562142
  0.4095921  -1.1656886   2.2152858   1.7166033 ]"
Abrograptus,"[-0.6777855  -2.03913    -1.0398144   1.5466915   0.90520394  2.570172
  2.586261    0.5701433  -0.60569847 -1.8476391  -0.00940706  0.5267925
 -0.7045926   2.5258784  -0.5142079  -0.9348982 ]"
Gymnograptus,"[-0.6478073  -1.875137   -0.70758575  1.414087    1.1657811   2.6498685
  2.5299873   0.38365534 -0.4397104  -1.9164916  -0.25177997  0.27434903
 -0.7235205   2.4010632  -0.55643    -0.7629529 ]"
Janograptus,"[-2.4877095  -1.911444    1.7043884  -0.5057482   0.8989116   0.32647192
  0.48868784 -1.9220294  -0.35873646  0.9850253   1.1942362   1.12325
  2.2228045   2.9738204  -1.6401756   0.9102249 ]"
Azygograptus,"[-0.9738765  -1.847043    1.7355626  -0.9060217   1.0684903   0.02575966
 -1.522623    0.743852   -0.2576182   1.001789    0.7767693  -1.176978
  0.8999238   1.2348273  -2.531181   -1.7301103 ]"
Pterograptus,"[-1.8704178  -1.6492906   0.97226363 -0.591731    0.207061    0.81691104
  1.878468   -1.5913774  -1.3074738   0.0536969   1.74812     1.9553474
  1.4450047   2.8939207  -1.2300382   0.2946748 ]"
Dichograptus,"[-2.5331292  -1.1846242   0.02607722 -2.2298684  -0.8654668  -0.45388013
 -0.3999908  -0.41142857 -0.0326851   1.803258    1.2314334   0.3291376
  2.2787044   2.421245   -2.586141   -0.7389106 ]"
Schizograptus,"[-2.1334872  -0.7082205   0.14987235 -2.4105623  -1.6755153  -1.3013293
 -1.1580412  -0.3929073  -1.3657907   2.2584064   1.7725985   0.5492174
  1.6331564   1.2793682  -2.5991843  -0.5454403 ]"
Adelograptus tenellus,"[-0.39845747 -1.2907759  -0.8975554  -3.0136096  -1.8583431  -1.3113977
 -2.2771525   1.2799021  -0.30585152  2.4963746   0.4960116   0.38849893
  2.2403061   0.99856484 -1.9231051  -1.3825569 ]"
Aorograptus victoriae,"[-0.11580297 -1.3337481  -1.2646981  -3.0474026  -2.0613794  -1.400728
 -2.294309    1.5473858  -0.3650497   2.490632    0.5462723   0.5403125
  2.221745    0.9162973  -1.9144679  -1.7293756 ]"
Paratemnograptus,"[-0.22384104 -1.2319746  -1.3632169  -3.1331654  -2.0087624  -1.0273362
 -2.477904    1.8681602   0.02130799  2.3278277   0.37180147 -0.39821696
  2.1713576   0.5461952  -2.2142162  -1.9555031 ]"
Pseudotrigonograptus,"[-1.6045988  -2.5357919   0.81942433  0.780825   -0.21953964  1.3694057
  1.0225966  -0.2039039  -2.7123606   0.2520873   0.7949609   1.317578
 -0.00389887  2.3871663  -0.05404449 -0.5370148 ]"
Acrograptus,"[-2.0386398  -1.1675025   1.1005735  -0.59691936  1.1298419   0.69045526
  1.5537195  -1.532567   -0.8142267   0.45783707  2.0618503   1.7148371
  1.7038282   2.8813868  -1.5846189   0.80737627]"
Rhabdinopora flabelliformis socialis,"[-0.7094586  -2.1567905   0.807049   -0.19122554  0.26403657  0.27930847
 -0.57929504  1.3090807  -1.5143343   0.38697636  0.6399612  -0.78748876
  0.3324175   1.9242184  -1.9684145  -2.0565279 ]"
Rhabdinopora,"[-0.15223712 -1.3329413  -1.3871293  -3.1231236  -1.9983246  -1.2134869
 -2.4298818   1.7871764  -0.1793181   2.3833687   0.38470954  0.03324602
  2.1233149   0.72892886 -2.0725589  -1.7905189 ]"
Dictyonema flabelliforme intermedium,"[-2.1254471e-01 -9.2301780e-01 -1.3591405e+00 -3.1298339e+00
 -1.9564453e+00 -1.1698166e+00 -2.3482635e+00  1.6748480e+00
 -1.5128204e-01  2.4765563e+00  5.2122951e-01  2.9211885e-03
  2.1133268e+00  5.6406707e-01 -2.0166004e+00 -1.5449969e+00]"
Expansograptus,"[-2.2086413 -1.8389125  1.1751734 -0.5515525  0.9047314  0.6355382
  1.412194  -1.707672  -0.6425689  0.637802   1.7334869  1.7906587
  1.7840059  2.8554597 -1.558558   0.4723587]"
Holograptus,"[-2.2083528  -1.5890678   1.9235204  -1.371419    0.37253842 -0.99485075
 -0.52168036 -1.6567278  -2.5051208   2.1649797   2.0203364   0.97252065
  1.2648096   1.4849732  -0.7564111   1.5474509 ]"
Tetragraptus reclinatus,"[-0.87600267 -1.5671923  -0.81852573 -2.3117814   0.3175106   1.6051514
 -2.4406881   1.0007948  -0.8609971   2.4733992   1.9270872   1.3936365
  2.5551512  -0.7307993  -0.49195993  1.6926802 ]"
Cryptograptus tricornis,"[-1.259226   -1.6186317   2.1376472   1.4843622   1.8755546   2.0704665
  0.9274282   0.61921555 -1.6262381  -0.56139326  0.00590098 -0.8220265
 -1.1997603   1.111115   -1.1362358  -0.65055346]"
Hustedograptus teretiusculus,"[-1.143741   -1.5458548   1.9980738   1.5621759   2.0360944   1.9232805
  1.072042    0.73376954 -1.277806   -0.5632192   0.01151736 -0.85838675
 -1.0108892   1.090824   -1.0663013  -0.4676183 ]"
Rectograptus,"[ 1.1002874  -2.2866166  -0.19508992  1.4695274   0.38472682  2.3740177
  1.6438386   2.2718453  -2.0337088  -1.3217108  -0.51087    -1.0068839
 -1.7211267  -0.22737862  0.8556899  -2.0724716 ]"
Dicellograptus anceps,"[ 1.1614566  -2.0629535   0.5722619   1.714492    1.0202545   1.5649247
 -0.09742865  2.2819276  -1.7575082  -0.98722637 -1.494904   -1.4127766
 -2.0799918  -0.76103365  0.6178559  -2.6135714 ]"
Pseudoclimacograptus scharenbergi,"[-1.3056654  -1.6154176   2.0694008   1.1983526   1.5446289   2.1931226
  1.8396376   1.0467551  -2.1172917  -0.23990162 -0.16619913 -0.4073086
 -0.74627554  1.0185606  -0.97677857 -0.19114274]"
Nemagraptus gracilis,"[-1.7561104  -1.7510985   0.08820993  1.5041068   0.6352287   2.207184
  2.2165527  -0.04971194 -2.4293182  -0.62901884 -0.13643405  0.85258496
 -0.6084582   2.1432002  -0.17515382 -0.28726032]"
Anisograptus,"[-0.80429107 -2.1216965   0.75232106 -0.05573267  0.21369056  0.4604023
 -0.62796456  1.3273032  -1.5584124   0.31564417  0.4446569  -0.7827028
  0.23565802  2.1273997  -1.8436081  -2.0684137 ]"
Pseudobryograptus,"[-2.0975285  -1.2612658  -0.5398564  -1.9590819  -0.52375275  0.07342272
  0.45413888 -0.21073164  0.02137423  1.1062881   1.637996    0.6220694
  2.0457056   2.947732   -2.4054303  -0.9601599 ]"
Radiograptus,"[-0.15917236 -1.1414236  -1.3103733  -3.0378675  -1.977019   -1.3159087
 -2.423653    1.6560538  -0.09938225  2.511895    0.43354777  0.07806949
  2.1484218   0.61016256 -2.010216   -1.7276262 ]"
Exigraptus,"[-2.1650038  -1.5459422   1.0945487  -0.4647028   0.50008917  0.70111513
  1.4451191  -1.5776601  -0.78311497  0.23081458  1.7253968   2.0426483
  1.6902124   3.2490973  -1.5163141   0.68214   ]"
Pseudisograptus,"[-2.080847   -1.696675    1.0384781  -0.45816845  0.84199274  0.56496906
  1.4533552  -1.7326938  -0.8818825   0.35032773  1.9839557   1.7880871
  1.6046263   2.887371   -1.4936451   0.7312507 ]"
Geitonograptus,"[-0.6432963  -2.012561   -0.8491132   1.3049661   1.0004765   2.7716422
  2.7505488   0.6106902  -0.43456915 -1.8478986  -0.23533471  0.24437644
 -0.6478667   2.40102    -0.26693958 -0.8859131 ]"
Prolasiograptus,"[-0.8775038  -2.128248   -0.845531    1.2349524   0.81030643  2.5265346
  2.6502914   0.25597602 -0.761401   -1.6712917  -0.09901914  0.38838995
 -0.6760936   2.4321463  -0.57996476 -0.7046397 ]"
Sinograptus,"[-2.2933047  -1.3999089   1.8259889  -1.3717189   0.51916015 -0.78263587
 -0.5217531  -1.6973675  -2.2967992   2.1158206   1.9990779   1.0597881
  1.4476483   1.5892259  -0.815436    1.5613928 ]"
Tylograptus,"[-2.6606936  -1.3363662   1.6470962  -0.6080901   0.90873826  0.30996206
  0.47695747 -1.771285   -0.66577834  0.9181685   1.2337605   0.5761735
  2.2042427   3.0712826  -1.549867    1.0568578 ]"
Parareteograptus,"[ 1.257166   -2.0750754   0.78395027  1.8553675   0.9635556   1.8058951
 -0.36901522  2.4652638  -1.9402428  -1.2755452  -1.3109804  -1.4352478
 -1.9655874  -0.31170914  0.73000854 -2.5501912 ]"
Orthoretiolites,"[ 1.140473   -2.1217964  -0.4092296   1.6528716   1.8897929   2.1092954
  1.4788893   1.8479135  -0.85782236 -1.6921109  -0.01459749 -1.0341897
 -1.6732394   0.28726754 -0.15062074 -2.2401092 ]"
Paraorthograptus,"[ 1.2821084  -2.1989741   0.8332563   1.8194965   0.956751    1.7272497
 -0.07991238  2.3125415  -1.9089319  -1.2487645  -1.5447733  -1.303895
 -2.017486   -0.68906087  0.6586164  -2.4790525 ]"
Paraplegmatograptus,"[ 1.0194684  -2.0950117   0.72675765  1.9458039   1.0485536   1.8108627
 -0.3754109   2.3453746  -1.5780344  -1.0409154  -1.6857483  -1.4869325
 -1.8575485  -0.4583213   0.630591   -2.5608814 ]"
Pararetiograptus,"[ 1.0551075  -2.1691835   0.825122    2.0566146   0.84036666  1.6875043
 -0.6908669   2.3053434  -1.6756243  -1.1599913  -1.2292973  -1.4190933
 -1.7901078  -0.45176226  0.6381663  -2.6380503 ]"
Phormograptus,"[ 0.89782214 -2.302805    0.86849946  1.8229358   0.94983184  1.6806808
 -0.44067058  2.213792   -1.8358128  -1.0903519  -1.6554892  -1.653854
 -1.9836597  -0.47631875  0.61018866 -2.6132164 ]"
Pleurograptus,"[ 1.3005321  -2.1512442   0.46409857  1.8207011   1.0290476   1.467548
 -0.5703765   2.2725642  -1.8456899  -0.99042004 -1.2272445  -1.3221935
 -2.0503483  -0.38077477  0.80362296 -2.5275593 ]"
Tangyagraptus,"[ 1.2564528  -2.1226723   0.7860414   1.9113681   0.82398117  1.6245167
 -0.6315729   2.4549663  -1.8963507  -1.0459679  -1.3514732  -1.2181525
 -1.9644425  -0.57145476  0.5443114  -2.6024444 ]"
Yinograptus,"[ 1.0674199  -2.1321933   0.46239898  1.8029763   0.8902002   1.5786519
 -0.20602682  2.33276    -1.68451    -1.2707329  -1.4746878  -1.6442976
 -1.9421097  -0.3622112   0.4630061  -2.6953034 ]"
Pseudophyllograptus,"[-2.1873677  -1.4673287   2.0075624  -1.5990053   0.6133355  -0.7709645
 -0.43832004 -1.5522097  -2.4037805   2.0873957   2.266347    1.0968382
  1.5609499   1.8213468  -1.1870061   1.5028365 ]"
Haplograptus,"[ 0.65815645 -2.034061   -0.02083097 -0.6005659  -0.5985336  -0.06606106
 -1.7101628   2.2648606  -1.4548103   0.61107326 -0.34145477 -1.1644809
 -0.3207554  -0.0359255  -1.0889845  -3.003881  ]"
Didymograptellus,"[-1.8787777  -1.2523876   0.33140504  1.5656359   1.8911049   2.65762
  1.799287   -1.2558393   1.8850323  -1.2210263   0.8383292  -0.5414775
  1.1235178   2.8777099  -1.9557948   0.28127137]"
Holmograptus,"[-2.5290086  -1.266205    1.7922603  -0.8214752   1.2984906   0.33849636
  0.41191408 -1.6292987  -0.65743685  1.0765089   1.4021047   1.1067141
  2.0956597   3.0482612  -1.5615623   1.2476635 ]"
Pseudazygograptus,"[-2.2352445  -1.2099301   0.48127064  0.8155395   1.9095695   2.406507
  1.8393251  -1.2221911   1.608954   -0.7806391   1.2805619  -0.98370785
  1.5968103   3.0110343  -2.0609305   0.35563192]"
Allograptus,"[-2.2999613  -1.6408638   1.9525604  -1.4102908   0.24961115 -1.0350621
 -0.54681754 -1.7372812  -2.4723177   2.0513184   2.203454    1.0958973
  1.4479206   1.5912604  -0.845476    1.5095587 ]"
Diceratograptus,"[ 1.0798154  -1.7687223   2.265551    1.0475285   2.3149953   1.507125
 -1.5425271   2.1323526  -0.3203168  -0.7008582  -1.3748661  -2.370241
 -0.974158   -1.3764422  -0.26207602 -2.5224218 ]"
Triaenograptus,"[-1.931467   -1.7889792   1.9283044  -1.7704469   0.17794599 -1.0353818
 -1.3190954  -1.4295629  -2.847169    2.4208863   1.7768011   1.1611563
  1.7323399   1.5644777  -0.40632746  1.2001786 ]"
Aspidograptus,"[ 0.7521572   0.94747466 -2.4585865  -0.2995239  -2.0883064  -0.9088655
  1.2688696   2.7669554  -0.33109146  0.49688852 -0.74600583  2.520986
 -1.1634623  -1.1740278  -0.42314088  0.12117219]"
Yushanograptus,"[-1.7651788  -1.7696362   2.0042603  -1.4499415  -0.15096317 -1.3473349
 -1.3869642  -1.4364618  -2.992446    2.324319    2.116823    1.2695062
  1.6165677   1.5732653  -0.21863411  1.1096027 ]"
Dinemagraptus,"[-0.9248354  -2.0340543  -0.85179085  1.326782    0.907048    2.5046432
  2.6438713   0.5353784  -0.52960795 -1.725279   -0.1299258   0.17534088
 -0.52502215  2.435022   -0.47158223 -0.89668053]"
Parabrograptus,"[-0.717592   -2.0097907  -0.8730005   1.4164156   1.2092991   2.6117418
  2.7333653   0.5692524  -0.73362327 -1.7478893  -0.1542094   0.35332307
 -0.6812348   2.364096   -0.6198147  -1.2163634 ]"
Pseudodichograptus,"[-1.8954849  -1.6978482   2.1018314  -1.3607373  -0.06410654 -1.0685979
 -1.305679   -1.3574919  -2.8230863   2.1772554   2.0575354   1.2396328
  1.414561    1.6667279  -0.28200772  1.1895056 ]"
Skiagraptus,"[-1.8782257  -1.7468579   0.5827558  -0.2954168   0.25004637  0.7990389
  1.9198378  -1.7802675  -1.5157744   0.43285292  1.6891128   1.9002944
  1.2948569   2.8337896  -1.1183072   0.62932986]"
Sigmagraptus,"[-2.2266355  -1.4106303   2.065201   -1.50538     0.66782594 -1.0116973
 -0.32237554 -1.5216674  -2.5776272   1.992166    2.1280577   0.9078421
  1.2110537   1.7038707  -0.8740531   1.4795142 ]"
Orthograptus fastigatus,"[ 1.3493776  -2.1503804   0.6941262   1.9249356   0.94184375  1.7508657
 -0.5420281   2.2965446  -1.7788689  -0.93788016 -1.3971913  -1.3925021
 -1.9552145  -0.6686782   0.6196883  -2.515763  ]"
Diplograptidae,"[ 1.1828841   0.23276882  1.337086    1.0220166   0.97014964  0.43831477
  2.4383295  -0.32705885 -0.37204003 -2.3732052   1.1381074  -1.3997697
  0.6139539  -0.00335939  1.4446356  -1.1348953 ]"
Undulograptus,"[-2.0433207  -1.956578    1.4457675  -0.15909883  0.8216573   0.6991744
  1.3893276  -1.8323743  -0.5215893   0.31270334  2.0275946   1.9049687
  1.6222405   2.5926068  -1.6395373   0.5968508 ]"
Metabolograptus persculptus,"[ 1.7519307  -0.88867307  1.1670433   2.1131992   1.3923049   0.38378048
 -1.5028716   0.8343763  -0.1591473  -2.0235407  -0.936905   -1.7114487
 -3.116331   -0.4182734   0.32949957 -2.4444454 ]"
Didymograptus murchisoni,"[-1.693136   -0.58017886 -0.7644964   0.5168487   1.8195431   2.0529232
  2.579227   -0.9905538   0.64873356 -1.4024737   1.9677926   0.07349336
  0.15588641  2.890447   -1.7039676   0.10296889]"
Baltograptus deflexus,"[-1.3189881  -2.0561943  -0.778025   -0.6357161  -0.8699678   0.386253
  0.4768469   0.8328541  -1.7773484   0.3766291   0.6426215  -0.06225347
  1.0861095   2.6848686  -1.3040661  -1.7438116 ]"
Tetragraptus quadribrachiatus,"[-2.020437   -0.54373664  0.2866221  -2.5488164  -1.5886271  -1.21113
 -1.3355567   0.13770421 -1.2601539   2.2654932   1.594219    0.5204145
  2.0203426   1.5165796  -2.5323255  -0.33303523]"
Rhabdinopora flabelliformis flabelliformis,"[-0.18977924 -1.3995966  -1.3236879  -3.044965   -2.0541742  -1.1493336
 -2.4946802   1.7060876  -0.07710309  2.6230168   0.39827478  0.03982754
  2.1360676   0.75388515 -2.1847837  -1.7530318 ]"
Didymograptellus protobifidus,"[-0.8049238  -1.612411   -0.80711424 -2.3522623   0.29134554  1.5801613
 -2.4104009   1.1214885  -0.91438967  2.5117807   1.9226604   1.4632225
  2.491015   -0.61212957 -0.5866513   1.7268215 ]"
Pseudophyllograptus angustifolius,"[-2.0881398  -0.725044    0.4241629  -2.4864635  -1.5323523  -1.1406649
 -1.2211653  -0.0763587  -1.2070804   2.3387403   1.6647701   0.30512032
  1.9583063   1.342432   -2.567151   -0.482246  ]"
Didymograptellus nitidus,"[-1.1613038  -1.7743258  -1.228558   -2.155406    1.035125    2.3766596
 -1.0100645   0.83529264 -0.45515347  1.2477592   2.1307704   1.0559456
  2.5736413   0.37852573 -0.76686007  1.3230251 ]"
Yutagraptus vdeflexus,"[-2.4293373  -1.9143791   1.8608868  -0.8000977   0.7082367   0.3410224
  0.6193152  -1.891213   -0.34602568  0.8665397   1.2451416   1.0441211
  1.9804796   3.0444677  -1.7232933   1.0402464 ]"
Amphigraptus,"[-0.72373915 -2.0096247  -0.7709981   1.3569484   1.2116481   2.6735404
  2.74306     0.46752957 -0.60315865 -1.7821497  -0.437963    0.38527128
 -0.78914565  2.336546   -0.28531227 -0.7344129 ]"
Paradelograptus,"[-2.1591947  -0.64393365  0.4795533  -2.4787886  -1.551871   -1.1883365
 -1.1399044   0.11592572 -1.3860091   2.377776    1.4753809   0.40990818
  1.9578627   1.3997649  -2.6957054  -0.39970475]"
Paraglossograptus,"[-2.1186645  -1.5304377   1.3035648  -0.43589747  0.7290401   0.64461493
  1.4895922  -1.6841279  -0.7534457   0.68369335  1.7518641   1.7710748
  1.6304624   3.054211   -1.5981752   0.55016977]"
Zygograptus,"[-2.0974443  -0.31552395  0.5400422   0.69664013  2.0525959   2.3015668
  1.8052244  -1.1048731   1.4537644  -0.83984435  1.262747   -0.42057568
  1.5604687   2.9568055  -2.169424    0.4632043 ]"
Didymograptellus bifidus,"[-1.0210694  -2.2165523   2.2266517   1.0339626   1.2095141   1.0703578
 -0.04473791  0.39526948 -2.4363947   0.02835781  0.659607    0.05884122
 -0.81268746  1.4526231  -0.8577054  -0.82114357]"
Cryptograptus antennarius,"[-1.8201625  -0.7110562  -0.36458382  0.62253356  1.8496612   2.287331
  2.5616102  -0.9486403   1.0402282  -1.2101264   1.7275678   0.06721433
  0.508649    2.8568747  -2.112186    0.38849148]"
Parisograptus caduceus,"[-2.334079   -0.7633106   1.12573     0.39470023  0.8343028   1.3780771
  1.6462467  -1.9603728  -0.85605055  0.09707425  1.6564353   1.2277464
  1.4140584   2.5857735  -2.036578    0.76342654]"
Levisograptus austrodentatus,"[-2.598094   -0.16194555  0.57425714  0.22604081  1.620778    1.7215604
  1.8920369  -1.4128615  -0.01578071  0.01258476  2.1043866  -0.04441212
  0.74071187  2.8994932  -1.7829413   1.1234059 ]"
Paraglossograptus tentaculatus,"[-2.215835   -0.8917562   0.09537147  0.51478404  1.9512923   2.1618755
  2.2714403  -1.3000785   0.8186229  -0.60682094  1.8858786   0.06365259
  0.89093846  2.9549878  -1.8948034   0.62973267]"
Geniculograptus,"[ 0.30589378 -1.9566778  -1.4016513   1.6091696  -0.31204185  2.238233
  2.5648186   1.1405802  -1.7058121  -1.7207909   0.17134865  0.68072873
 -1.4327675   1.6141945   0.669162   -1.4538262 ]"
Aspidograptus implicatus,"[-0.394477   -1.4702114  -1.2904863  -3.059151   -1.9412004  -1.1257924
 -2.50358     1.6189325  -0.2808511   2.4773245   0.42954978 -0.05257053
  2.2835355   0.76420856 -1.972754   -1.6509994 ]"
Staurograptus dichotomus,"[-0.29374775 -1.3078575  -1.1597625  -3.020669   -1.9265051  -0.9721303
 -2.4399526   1.6584735   0.02934024  2.386506    0.46996105  0.18283582
  2.3834207   0.58816075 -2.162759   -1.6094474 ]"
Paratetragraptus approximatus,"[-2.1925654  -0.54273295  0.25328776 -2.6752737  -1.4857205  -1.1440167
 -1.112281    0.14153546 -1.3067055   2.3969786   1.5913621   0.3555521
  2.0418572   1.5125253  -2.6576934  -0.26064384]"
Maeandrograptus,"[-2.073557   -1.1878728   1.8215134  -1.6694363   0.62615585 -0.99239135
 -0.3448732  -1.5501218  -2.670209    2.0587785   2.1992638   1.0477349
  1.4076189   1.8564663  -0.9175969   1.5055542 ]"
Rhabdotubus,"[ 0.91371673 -1.6760863  -1.92169     1.802396   -3.466964    0.26549384
  0.65815544  2.15757     2.2260363   2.5684156   1.2608608   3.8685427
 -1.4273108  -4.7722387  -2.3565826   0.4489516 ]"
Pseudomonoclimacis,"[ 1.1737114   2.7490556   0.49768913 -2.1555922  -1.430213   -1.3472513
  1.6417459  -1.9928638   3.1373048  -0.78346866 -4.120784   -0.28132185
 -1.4570162  -1.1272646   1.6560644   1.1044283 ]"
Monograptus uniformis,"[-0.9163775   2.468237   -2.0683448   0.9167143  -1.3727067   0.20258622
 -1.0761997  -0.31053817  3.2141604   0.01635836 -3.5193577   1.9049585
  0.4947939  -1.8747146   2.071655    2.4326725 ]"
Ruedemannograptus,"[ 1.9485689   4.0571237  -2.8127053  -0.25311372 -1.5076877  -1.3915446
  1.3349748   2.6634018   0.2858791  -0.1519301  -1.84958     3.3892512
 -1.6393778  -1.3981884   2.5287566   3.4437084 ]"
Coremagraptus,"[ 2.3865073   3.934797   -1.2262744   0.3339556   0.14555757 -2.3605409
  0.43593344  1.2939756   0.20298602 -1.0686558  -0.36244985  1.4230539
 -0.9199402  -1.8099571   2.9495094   1.253666  ]"
Retiolites geinitzianus,"[ 1.2334045   2.325057    1.1939467   0.00300665  1.5562032  -2.5864584
  0.3952644  -1.668353    1.5586991  -2.4480538  -0.58559483 -1.671736
  0.44384065 -2.8842049   2.6279924  -0.39566997]"
Climacograptus typicalis,"[ 0.7923486  -2.0369775  -0.10718539  1.6883314   1.7975476   2.1306264
  1.453341    1.93969    -0.67316747 -1.6395749  -0.19320309 -1.1292742
 -1.376536    0.18769306 -0.0757313  -2.2566786 ]"
Rectograptus truncatus,"[ 0.8997468  -2.0594864  -0.4433372   1.9004563   1.6605318   2.145908
  1.384701    1.9140241  -0.6367775  -1.6678964  -0.20550394 -0.9110255
 -1.6799752   0.16058712 -0.24580184 -2.3924253 ]"
Styracograptus tubuliferus,"[-1.1270539  -1.5992742   2.1347716   1.5035303   2.0887187   2.1199846
  1.2784919   0.77603    -1.2180891  -0.8456902  -0.09549707 -0.8411578
 -1.1149399   1.1256012  -1.1144065  -0.54763573]"
Diplacanthograptus caudatus,"[ 0.9789342  -1.983753   -0.3804184   1.6156365   1.7086098   2.0273392
  1.4409722   1.8628442  -0.97948533 -1.5334008  -0.39663836 -1.0207088
 -1.7825439   0.33401382 -0.2584813  -2.2716837 ]"
Orthoretiolites hami,"[ 0.26321697 -2.0058699  -1.2864274   1.6894872  -0.35040164  2.3752801
  2.6826189   1.1279873  -1.4892875  -1.8259484   0.04685171  0.6987143
 -1.5033419   1.4634771   0.38447866 -1.2198086 ]"
Pleurograptus linearis,"[ 1.2429405  -1.7043867   2.3107636   0.80184263  2.362074    1.386185
 -1.617166    2.2389066  -0.5500219  -0.46355003 -1.2145252  -2.4753423
 -1.2669723  -1.3743987  -0.17876449 -2.5669715 ]"
Normalograptus angustus,"[ 1.9872398   0.37878215  1.1945372   0.03761459  0.18951097 -0.27142057
  1.5185944  -0.7957634   0.3729342  -2.0324357  -1.9432083  -1.7085685
 -1.5536404  -1.202603    2.2426713  -1.2597218 ]"
Akidograptus,"[ 2.4376824   1.6549319   1.4378501   2.061698    2.5013175  -1.4630954
 -1.7795519  -0.42439052  1.0068866  -1.3612413   0.8921601  -1.9804198
 -1.4312     -1.3817773   1.5991763  -1.8096652 ]"
Dimorphograptus,"[ 2.4365773   1.0249366   1.7354224   1.8645922   2.3180358  -0.82758164
 -1.4261903   0.511506    0.38303217 -1.195719    0.3996361  -2.1172376
 -1.2847254  -1.4735357   1.4997696  -2.1300478 ]"
Huttagraptus acinaces,"[ 2.430434   2.6257484  1.0560707  2.0101705  2.2870722 -2.4009697
 -1.8114613 -1.6141831  1.6835849 -1.5091162  1.3311667 -1.4440093
 -1.453662  -0.7187614  1.7854286 -1.5393881]"
Cystograptus,"[ 1.8766866   0.9930376   1.7058945   1.7658963   2.4384472  -1.2935073
 -2.3849835  -0.17729172  1.4503429  -1.6984098  -0.4742028  -2.1513593
 -2.5160635  -0.886049    0.44178554 -1.9344373 ]"
Campograptus harpago,"[ 1.8661389   3.036659    0.8735748   2.1436124   2.3108642  -2.7293427
 -2.116994   -2.4405987   1.6332527  -1.4522324  -0.0927095  -0.9665011
 -2.128328    0.62850726  1.5037973  -1.5046706 ]"
Lituigraptus convolutus,"[ 2.2689543   2.6507008   1.440973   -0.8950163   0.19617945 -2.4347637
  0.39360774 -2.0827317   2.1403358  -1.4739761  -1.5410484  -1.2573844
 -1.3492755  -2.0535874   2.3496072  -0.20260926]"
Cephalograptus,"[ 2.3832688   3.0022564   1.0595343   1.8646206   2.113849   -2.4427938
 -1.1417544  -2.1184025   1.3734863  -1.1382797   1.7734109  -1.0345833
 -0.10264625 -0.86239755  2.438838   -1.1988194 ]"
Pseudoplegmatograptus,"[ 2.2739253  2.5407405  1.1082422  1.8902895  2.1121101 -2.3333604
 -1.6880497 -1.6290946  1.4253507 -1.473502   1.2956531 -1.3325117
 -1.233646  -0.8889621  1.8882467 -1.415667 ]"
Diversograptus,"[ 2.3500216   2.5214016   1.5365154  -0.9022509   0.25229535 -2.378869
  0.52693474 -2.2434402   2.140624   -1.4523841  -1.4853407  -1.2700424
 -1.393715   -2.1573446   2.3837323  -0.29725227]"
Monograptus priodon,"[ 2.2266054   2.5915868   1.3231838  -0.8331713   0.29442304 -2.430755
  0.42922184 -2.1416917   2.1447742  -1.5561224  -1.5599676  -1.3043061
 -1.3935668  -2.0185447   2.26303    -0.345236  ]"
Stomatograptus,"[ 1.202681    2.756152    1.0969418  -0.41385627  0.66259503 -2.2240164
  1.457716   -1.8584251   1.4510641  -1.874064   -0.07995187 -1.2527056
  1.6257184  -2.7038357   3.393854    0.20779157]"
Oktavites spiralis,"[ 2.1979961   2.591575    1.3542352  -0.9628047   0.14429198 -2.4302301
  0.49837852 -2.1355572   2.242383   -1.4835205  -1.6118504  -1.279997
 -1.3846774  -2.1681952   2.2368333  -0.22715299]"
Barrandeograptus,"[ 2.7468805   2.8786666   1.0637734   1.0863543   0.15721552 -2.9412065
  0.630147   -1.6876874   0.15964483 -1.6164248   1.5094899  -0.7176715
  1.1183039  -1.6956303   3.4161677  -0.4699396 ]"
Atavograptus,"[ 1.9143283   0.89061207  1.6095821   1.8580434   2.1775928  -1.2577332
 -2.386741   -0.13234888  1.2211021  -1.5774338  -0.5099729  -2.0557628
 -2.4328964  -0.8728546   0.57388145 -1.8033445 ]"
Monograptus angustidens,"[ 1.948102    3.540927   -1.5878164  -1.265069   -1.5216802  -1.4079194
  1.2842484   1.3973109   1.2577592  -0.32322007 -2.9393928   2.0641997
 -1.6649815  -1.2501312   2.2059326   2.500277  ]"
Monograptus transgrediens,"[ 2.1660223   3.859329   -0.76326907 -0.4318167   0.43521935 -2.6045876
  0.6500399   0.6672059   0.8199195  -1.4758593  -1.6878095   0.7718494
 -1.5817546  -1.7813811   2.4917142   0.9126264 ]"
Monograptus bouceki,"[ 2.253259    2.697497    1.4249603  -0.83636963  0.31472316 -2.3994937
  0.42763633 -2.196195    2.1255476  -1.4922831  -1.6317551  -1.3007501
 -1.3990538  -1.9915122   2.3697867  -0.3117035 ]"
Bohemograptus bohemicus,"[ 1.528039   2.0611086  1.2750216 -1.6788459 -1.7589784 -2.1543403
  2.0112562 -1.9395633  1.5833861 -1.5963353 -2.315038  -0.6916858
  0.2859546 -2.633752   2.6549628  1.1084889]"
Monoclimacis,"[ 0.3331079   2.702022   -1.3357784   1.9422674  -1.0629314  -0.7454652
 -2.0381043  -0.6443316   2.8121822  -0.56580496 -1.9959372   0.86699295
  0.1979821  -1.8570379   2.8202252   1.7186133 ]"
Rhaphidograptus,"[ 2.3318021   2.5877292   1.1281434   2.0116203   2.2365358  -2.2203088
 -1.7369075  -1.5798695   1.4553448  -1.5621746   1.2553358  -1.3623912
 -1.293509   -0.88090706  2.022765   -1.336582  ]"
Gothograptus,"[ 0.8764121  1.8432326  1.1152408 -1.3193243 -0.6467988 -2.2317617
  2.0342548 -1.6128784  1.1446769 -2.1833496 -1.255333  -1.0326505
  1.4679399 -3.2709925  3.048869   1.1321381]"
Neocolonograptus parultimus,"[ 1.6717072   2.564191    0.31474277 -2.1706998  -2.0433223  -1.5306461
  1.3807247  -1.7853186   2.8367364  -0.34943637 -3.9545639   0.05151629
 -1.9712478  -0.8164063   1.4668136   1.0166054 ]"
Neocolonograptus ultimus,"[ 0.68393207  2.5307376   0.39003983 -2.3639219  -1.0218266  -1.4535713
  1.967993   -2.027478    2.8615396  -0.930184   -4.0304103  -0.62172467
 -0.7422565  -1.7728233   1.5819306   1.0678235 ]"
Neocolonograptus lochkovensis,"[-0.85355896  2.9136016  -2.2461398   1.227828   -1.1771498   0.3350303
 -1.3690453  -0.00903713  3.130161    0.36616936 -3.519221    2.4661596
  0.08163497 -1.5645206   1.722748    2.15436   ]"
Uncinatograptus uncinatus,"[ 1.6092004   2.1609166   1.1351135  -1.6151208  -1.8587521  -2.2255638
  2.0825746  -1.9268649   1.473587   -1.730468   -2.2335021  -0.6345076
  0.31127787 -2.6623075   2.8604846   1.221835  ]"
Cyclograptus,"[ 1.8729817   2.3977818   1.2128967   0.07645959 -1.9237139  -3.0231411
  1.2153704  -1.2661821  -0.6890162  -2.1548486   1.175584   -0.44288617
  0.09991103 -2.3087637   3.6527019   0.5287045 ]"
Neodiversograptus,"[-0.24381611  1.9255378   0.16614597 -1.9167529   0.63534063 -0.7659042
  2.023452   -2.1795218   2.7188997  -1.4442387  -3.4113624  -1.2479867
  1.0407292  -2.7676814   2.124358    0.94911367]"
Koremagraptus,"[ 2.5834854   2.9325466   1.1241744   1.7908698   2.1423805  -2.386494
 -1.7648923  -1.9479676   2.245777   -2.4230578   0.12410593 -1.6519703
 -0.6550135   0.3760537   1.3452401  -1.5988891 ]"
Lagarograptus,"[ 2.4314177  2.4808452  1.2064991  1.9831111  2.2989736 -2.1848783
 -1.6832992 -1.4422795  1.5450572 -1.7344531  1.2566679 -1.4603882
 -1.2427915 -0.8853171  1.9025086 -1.3982961]"
Demirastrites,"[ 2.4484942   2.598633    1.0397731   2.1243284   2.2707653  -2.3163679
 -1.7010472  -1.6067246   1.4754151  -1.6271894   1.4637665  -1.4473504
 -1.1604971  -0.68079853  2.0711691  -1.5087429 ]"
Diplograptus hughesi,"[ 2.2558892   2.4894056   1.001151    2.0214374   2.261842   -2.1940129
 -1.5837973  -1.6619964   1.4081342  -1.4571401   1.3755338  -1.36675
 -1.2392826  -0.88684905  1.9667364  -1.4205419 ]"
Metaclimacograptus,"[ 1.3137108  -0.21816386 -0.42924607  2.2055755   1.3983934  -0.4153024
 -0.49652037 -0.9369309   0.6328828  -2.3562872   0.81320643 -0.98921645
 -3.1201499   1.017846    0.33570927 -2.3030376 ]"
Pseudorthograptus,"[ 2.460487    2.8571415   0.7582536   2.0532799   2.4550374  -2.5917325
 -1.9560727  -2.2374902   1.503307   -2.4866078  -0.31335986 -1.3536946
  0.02010792  0.38985085  1.685273   -1.5459628 ]"
Bohemograptus,"[-0.26200783  1.962275    0.35662028 -1.9012212   0.7020694  -0.8243955
  2.12785    -2.135487    2.7380435  -1.5236611  -3.3930175  -1.2351568
  0.9926448  -2.7899592   2.0280342   0.9689376 ]"
Neocucullograptus,"[ 1.136117    2.3924174   0.58982295 -2.3477123  -1.5643085  -1.4040061
  1.8101995  -2.1024768   3.0621903  -0.56170166 -4.1422734  -0.44078916
 -1.3800281  -1.3444414   1.3226038   1.1158118 ]"
Uncinatograptus,"[ 1.6425594   3.7440922  -2.5243506  -0.23984814 -1.28792    -1.1785234
  1.018369    2.367181    0.71960306 -0.24946803 -1.8838207   2.8806703
 -1.1610837  -1.4144671   2.2777586   2.9306917 ]"
Syndyograptus,"[-0.7640043  -1.793791   -0.62767667  1.5389575   1.2121834   2.4973633
  2.7458215   0.47704947 -0.39562055 -1.8341      0.18015267  0.23322941
 -0.77491903  2.3482845  -0.67778265 -0.87294394]"
Cysticamara,"[-0.29600716 -1.4009504  -1.2866421  -2.8507192  -1.9855027  -1.1236866
 -2.436497    1.6074482   0.01635027  2.3623335   0.37757167 -0.02160649
  2.1583824   0.6946183  -2.0486245  -1.7195796 ]"
Airograptus,"[-1.4238137  -0.9702525  -1.3897488  -2.0330207  -0.78340626  1.1182773
  0.6870661   0.8784692   1.2225916   0.34657213  1.1801635  -0.43617982
  1.7951778   2.9100125  -2.7090986  -1.5555239 ]"
Etagraptus,"[-2.073075   -1.0922827   2.0063868  -1.4743575   0.49760973 -1.0123436
 -0.3891802  -1.6973627  -2.6448443   1.9934633   2.2978606   1.2718639
  1.400903    1.7752794  -0.81394774  1.4692389 ]"
Climacograptus (Climacograptus) bicornis,"[-1.1855084  -1.6755623   2.0421832   1.5067811   2.0576916   2.1732147
  1.0415648   0.8102447  -1.4522026  -0.61189616  0.0312058  -0.881992
 -1.0850347   0.98520046 -1.0291808  -0.46425346]"
Amplexograptus latus,"[-1.0728902  -1.6357265   2.0429764   1.5929868   2.095662    2.1142569
  1.0779535   0.725496   -1.2343872  -0.7008382   0.05902595 -0.81446147
 -1.0926096   0.9967814  -0.98576176 -0.5315146 ]"
Appendispinograptus venustus,"[ 2.5250857   0.4252828   1.1495271   2.1187065   2.0093517  -0.47817174
 -0.9718777   0.31828544 -0.18207975 -1.638395    0.5046028  -1.9868397
 -1.3620099  -0.8892269   1.811246   -2.577358  ]"
Dicellograptus sextans,"[-1.2403011  -1.5591321   2.1862645   1.3892353   1.9793389   2.11753
  0.8975591   1.023802   -1.7398849  -0.31979668  0.36404735 -0.7521613
 -0.89638376  1.1036172  -0.98246187 -0.36310443]"
Rectograptus amplexicaulis,"[-1.1805223  -1.6850963   2.0434628   1.5196742   1.9405558   2.263713
  1.2268336   0.85919034 -1.4746956  -0.48273182 -0.0593278  -0.84575367
 -1.1083672   0.9362859  -0.9901523  -0.62219673]"
Diplacanthograptus dorotheus,"[ 7.9907745e-01 -2.1219897e+00 -3.7470138e-01  1.7994158e+00
  2.0414059e+00  2.1451256e+00  1.6482241e+00  1.7752502e+00
 -7.8810459e-01 -1.8050262e+00 -3.4832335e-01 -1.1638129e+00
 -1.6929753e+00  5.0675780e-01 -1.5346342e-03 -2.3899395e+00]"
Amplexograptus manitoulinensis,"[ 1.2461306  -2.300654   -0.54376525  1.8361712   1.2364916   2.083067
  0.5630168   1.9817216  -1.3561113  -1.465712   -0.6355157  -1.3212676
 -1.9493368   0.07976013  0.6626667  -2.4894986 ]"
Peiragraptus,"[ 1.3850496  -1.5716934   2.435213    1.0140524   2.34233     1.2640313
 -1.465201    2.3385005  -0.46921226 -0.6702643  -1.1479052  -2.3962202
 -1.1042116  -1.4745611  -0.2272045  -2.5364177 ]"
Campograptus lobiferus,"[ 2.358571   2.6070797  0.9831323  1.8937165  2.185921  -2.243087
 -1.6951611 -1.6295831  1.5677972 -1.4900053  1.1822222 -1.3193433
 -1.4195949 -0.8564089  2.0403168 -1.2906001]"
Clinoclimacograptus,"[ 1.6591696   1.5017089   1.4550899   2.1573145   2.048691   -2.095405
 -2.4296913  -1.1036108   1.9536188  -2.3939261  -1.3227705  -1.6468481
 -2.8968623   0.09966625  0.5304945  -1.5378007 ]"
Orthograptus quadrimucronatus,"[ 0.77181584 -1.9534409  -0.41116565  1.8888773   1.914014    1.9551386
  1.3176503   1.97457    -0.70462096 -1.444651   -0.49043065 -1.1199328
 -1.6739221   0.26260045  0.03115073 -2.3829494 ]"
Appendispinograptus supernus,"[ 1.3656737  -2.161215    0.5330213   1.7977037   1.1552342   1.7290847
 -0.4757281   2.3826206  -1.6748335  -1.1871533  -1.3041049  -1.4775486
 -2.0010898  -0.47288573  0.54791296 -2.585229  ]"
Appendispinograptus longispinus,"[ 1.3601208  -2.0297182   1.1872238   1.776158    1.2052472   1.6848642
 -0.7661604   2.355023   -1.5124769  -1.0070306  -1.5189748  -1.650722
 -1.8703076  -0.9413415   0.37717035 -2.5805178 ]"
Climacograptus hastatus,"[ 1.156526   -2.0186803   1.5098879   1.773361    1.4495145   1.7104597
 -1.0505859   2.283007   -1.3357986  -0.96426004 -1.7370348  -1.6625742
 -1.7810674  -0.8666904   0.22830328 -2.6224542 ]"
Parabrograptus tribrachiatus,"[ 0.39794523 -2.0099425  -1.4842005   1.6828047  -0.28107587  2.1317723
  2.5004005   1.2079724  -1.5959595  -1.647706    0.25248787  0.60713357
 -1.4744098   1.5243711   0.46409255 -1.5451757 ]"
Glossograptus hincksii,"[-0.9152368  -2.0308635  -0.62812334  1.4356873   1.0678161   2.6024027
  2.6027346   0.337126   -0.7130808  -1.6846951  -0.1315088   0.34211436
 -0.826506    2.3765597  -0.58482856 -0.9511019 ]"
Reteograptus geinitzianus,"[-0.42284566 -1.9573215   1.4898186   1.6161518   2.2828603   2.5038295
  1.4897232   1.0696877  -0.08698209 -1.4416296  -0.082874   -0.8857176
 -1.0002369   1.280666   -1.1305693  -1.268996  ]"
Sinograptus typicalis,"[-1.0965589  -1.7620411  -0.87107027  1.3796467   1.0115378   2.5011618
  2.6117449   0.33092165 -0.706875   -1.5969837  -0.24185278  0.18467386
 -0.7300151   2.45535    -0.67032796 -0.8418547 ]"
Tylograptus intermedius,"[-0.95084405 -1.8177623  -0.8598412   1.2612528   1.1256571   2.5009377
  2.6986117   0.19314481 -0.8083073  -1.826304   -0.03018614  0.1849683
 -0.69744104  2.4452705  -0.7571144  -0.7753083 ]"
Isograptus victoriae maximodivergens,"[-2.0832677  -1.3869216   1.1179744  -0.6153421   0.8557153   0.48170573
  1.4026502  -1.7088205  -0.8793373   0.31165215  1.871103    2.1184957
  1.8470018   2.9023407  -1.5069968   0.55008614]"
Tshallograptus fruticosus,"[-2.2069752  -0.40359864  0.18182892 -2.4191732  -1.3940585  -1.1683556
 -1.2188516  -0.14387193 -1.3421912   2.3867464   1.6425482   0.6572813
  1.9815114   1.3364214  -2.5405293  -0.30720875]"
Dicellograptus complanatus,"[ 1.357939   -2.004835    1.3432882   1.5432262   1.3885412   1.8114343
 -0.8648113   2.401583   -1.591308   -0.87579817 -1.6251171  -1.6984619
 -1.8032712  -0.9435588   0.3345701  -2.648159  ]"
Didymograptus extensus,"[-2.0701675  -1.235783    1.9350959  -1.5544128   0.54850125 -0.97469914
 -0.5399174  -1.5494554  -2.4580402   2.1228824   2.0589373   1.2226902
  1.4030987   1.6071254  -0.8338636   1.3633112 ]"
Calamograptus,"[-2.3077474  -1.4799159   1.9679564  -1.3984696   0.6208647  -0.9143933
 -0.68345964 -1.7149297  -2.4078107   2.076631    2.1236055   0.7874241
  1.5816587   1.7642753  -0.9379126   1.4353117 ]"
Aulograptus,"[-2.9466102  -0.9019348   1.6142414   0.42269138  1.2643939   1.7792355
  1.082452   -1.6610988   0.35595024  0.32868925  0.7326707  -0.84238183
  1.8897668   2.9981654  -1.8016434   1.3853968 ]"
Oepikograptus bekkeri,"[ 4.5809475e-01 -2.0262921e+00 -1.4404252e+00  1.7527981e+00
 -2.7409223e-01  2.4087350e+00  2.5538030e+00  1.4609846e+00
 -1.5749400e+00 -1.7239382e+00 -1.2616422e-03  4.8830548e-01
 -1.5351455e+00  1.2423991e+00  4.5745215e-01 -1.5616906e+00]"
Didymograptus spinulosus,"[-0.2134576  -1.0523357  -1.6475172   1.0737789  -0.06095013  2.2133982
  3.3374872   0.03353357 -0.46675858 -1.9511199   1.9208704   1.2604401
 -1.432084    1.9930825  -1.0359316   0.17947462]"
Diplograptina,"[-2.3915854  -0.5207322   0.7811959   0.85167354  1.9268366   2.3277678
  2.0090992  -1.1228316   1.4606209  -1.047471    1.080996   -0.4690477
  1.5316256   3.330279   -1.92329     0.22142522]"
Orthograptus eucharis,"[ 0.35307032 -2.014876   -1.3535595   1.7617462  -0.23872589  2.3154442
  2.5012095   1.3246539  -1.5962515  -1.7715998   0.05477115  0.30198652
 -1.5355524   1.243989    0.46501252 -1.575334  ]"
Mastigograptus tenuiramosus,"[ 1.4973414  -2.2424572   1.0396466   1.0029932   0.34239492  1.979814
  0.40592864  2.4621153  -2.239776   -0.7980148  -1.1991069  -1.520251
 -1.6425858  -1.2098986   0.41157955 -2.5490918 ]"
Geniculograptus pygmaeus,"[ 9.9449062e-01 -2.0359597e+00 -4.7485724e-01  1.2582721e+00
  8.6554617e-01  2.4382830e+00  2.3498406e+00  2.1440725e+00
 -1.6432590e+00 -1.8373431e+00 -2.3393289e-03 -6.6645688e-01
 -1.2740626e+00  6.1703867e-01  4.5742527e-01 -1.9488319e+00]"
Plegmatograptus,"[ 2.3923512   3.0683107   0.9072792   2.145379    2.541272   -2.3476195
 -1.7072532  -1.941697    2.140643   -2.4231079   0.23752014 -1.6242234
 -0.12947214 -0.38501891  0.9358155  -1.9223138 ]"
Parakidograptus acuminatus,"[ 2.3860555   1.5804371   1.461671    1.9043396   2.4746854  -1.4028829
 -1.708321   -0.28277698  0.83770704 -1.3735616   0.8532719  -2.0146217
 -1.2747369  -1.4450327   1.5291889  -1.8922187 ]"
Streptograptus antennularius,"[ 2.5591545   3.268915    0.83871067  1.584189    2.4308698  -1.9236599
 -0.22920166 -1.7471898   0.94882023 -0.7564772   1.8632464  -0.9129455
  0.88723034 -0.7566914   3.018989   -0.9609407 ]"
Abiesgraptus,"[ 1.6430668   3.7220778  -2.5614882  -0.34550384 -1.2425752  -1.1166568
  1.0992024   2.3480186   0.7967356  -0.23545623 -1.9020139   2.8949108
 -1.2338032  -1.4929783   2.2902954   2.9748487 ]"
Oktavites,"[ 2.4722712  2.7083333  1.1463857  1.8911517  2.1803527 -2.4067497
 -1.7766207 -1.5156137  1.4245806 -1.6375135  1.2370869 -1.4167799
 -1.3648828 -0.82463    2.0974607 -1.3747568]"
Streptograptus,"[ 2.3706033  2.586385   1.0314851  1.9748089  2.263257  -2.158006
 -1.8226804 -1.316064   1.4958895 -1.5422153  1.205856  -1.3266212
 -1.2776952 -0.7876586  1.9803963 -1.2570094]"
Spirograptus,"[ 2.4083273   2.5521655   0.96816325  2.0872388   2.2320185  -2.2770379
 -1.841633   -1.6321573   1.4758158  -1.5932485   1.2751323  -1.3124912
 -1.2010614  -0.84589165  2.15948    -1.3857844 ]"
Pernerograptus,"[ 2.3849764  2.5191047  1.0539366  1.8419635  2.3149073 -2.2520366
 -1.7409439 -1.5069935  1.4555902 -1.5993277  1.1608787 -1.4917197
 -1.2138298 -0.813773   1.8560432 -1.4569501]"
Oktavites falx,"[ 2.4876068   3.2235246   0.73982006  1.5020516   2.4086533  -2.1602354
 -0.5520909  -2.0395012   1.271462   -0.4526847   1.7861906  -0.89728886
  1.0415579  -0.807316    2.7780507  -0.81925374]"
Pseudoretiolites,"[ 2.259352    2.6799083   1.1687139   0.2812151  -0.19167157 -2.9447513
  0.7588478  -1.4081104   0.06107565 -1.8072989   1.1552037  -0.6486739
  1.1202481  -2.5060213   3.3558843  -0.04507784]"
Sinodiversograptus,"[ 2.531648    3.188497    0.78552777  1.5600065   2.2599013  -2.1815872
 -0.42568213 -1.8173991   0.82363707 -0.74296504  1.8792826  -0.9568927
  0.9409619  -1.1990547   2.9508293  -0.85617656]"
Neodicellograptus,"[ 2.5537465   3.0933545   1.0338014   1.6412883   2.348851   -2.4547176
 -1.1771247  -2.0292563   1.4027317  -1.087517    1.6675657  -1.050186
  0.0822386  -0.50175613  2.4801755  -1.2463577 ]"
Galeograptus,"[ 2.6397502   3.2701857   0.8984025   1.3361182   2.2209647  -2.2187676
 -0.4301597  -1.7575998   0.9909311  -0.65206814  1.7726191  -0.8383725
  1.1392045  -0.788201    2.979836   -0.80099285]"
Retiolitidae,"[ 1.9485453   2.3072596   1.6102599   0.8368281   0.312861   -3.1141105
 -0.42833588 -1.249809    0.28347594 -2.5342505   1.0230465  -1.3478805
 -0.3657435  -2.7257361   2.677765   -0.3432443 ]"
Rectograptus abbreviatus,"[ 1.179682   -2.1323366   0.78890777  1.9082441   0.6465147   1.5748223
 -0.31209928  2.3093855  -1.6680232  -1.2508243  -1.5998619  -1.28646
 -1.8864826  -0.5222259   0.45967504 -2.5914195 ]"
Orthograptus pageanus,"[ 0.43062514 -2.0924966  -1.4488375   1.7943983  -0.42230508  2.2946136
  2.5309312   1.2236739  -1.5648719  -1.8032984   0.18260634  0.48217922
 -1.4904923   1.3741423   0.531341   -1.5733951 ]"
Orthograptus ruedemanni,"[ 0.48629472 -1.9975629  -1.4325998   1.6715027  -0.24412161  2.3684509
  2.3786976   1.5076574  -1.5301157  -1.7249802   0.10704148  0.47560957
 -1.3550551   1.4036546   0.54686743 -1.5773671 ]"
Marsipograptus percensis,"[ 1.430411   -1.7844523   2.3505132   0.9623883   2.3540652   1.4112922
 -1.5647672   2.1373074  -0.34686005 -0.7415645  -1.4922276  -2.4683921
 -1.5183321  -1.5060867  -0.17530283 -2.6180992 ]"
Climacograptus putillus,"[ 0.94064736 -2.144407   -0.10782496  1.9384271   1.9969555   2.1998732
  1.4762338   1.7267909  -0.8843955  -1.574036   -0.18365127 -0.9358492
 -1.8635846   0.05904362 -0.04694081 -2.197316  ]"
Rhabdinopora flabelliformis norvegica,"[-0.20793204 -1.4671421  -1.2421247  -2.9817982  -2.0131156  -1.1349126
 -2.3844259   1.6557808  -0.14785434  2.4227333   0.5504415   0.03536665
  2.1393354   0.7377908  -2.095257   -1.6745634 ]"
Tetragraptus bigsbyi,"[-0.12290589 -2.3584003  -0.3810196  -1.0543853   1.3933157   2.5598648
 -1.4821881   1.487625   -1.4620581   0.7477423   1.5415918   0.20443125
  0.96323687  0.1743296  -0.4726785   0.10806359]"
Didymograptus nicholsoni,"[-2.1863885  -1.6433281   0.20658389  0.12944333  0.17155555  0.76026565
  1.882588   -1.4912076  -2.0693083   0.060718    1.7255588   1.9075801
  1.2292103   2.7036314  -0.66416585  0.03074819]"
Baltograptus,"[-2.0994203  -1.3781922   1.9062942  -1.6134833   0.6274147  -0.9999122
 -0.46590284 -1.5076336  -2.5692968   2.1142995   2.0902567   1.0992419
  1.2619727   1.4156438  -0.8357774   1.4688238 ]"
Archiretiolites,"[ 2.3549435   2.4571285   1.1730628   1.9270455   2.221135   -2.2996223
 -1.751964   -1.5497704   1.2771186  -1.5950086   1.3053128  -1.3810656
 -1.4271047  -0.79530483  1.9466895  -1.3887051 ]"
Normalograptus lubricus,"[ 1.5572636   1.4032072   1.376741    2.0790682   1.5940288  -1.9779664
 -2.5031629  -1.1330214   1.9743378  -2.2720108  -1.2373714  -1.6925412
 -2.7742004   0.13686822  0.5692212  -1.6161417 ]"
Adelograptus antiquus,"[-0.5289853  -1.7825569  -1.3143831  -2.3319192   0.0086416   1.57925
 -2.956793    1.2695038  -0.5808605   2.6546926   1.641197    1.371838
  2.5806804  -1.043864   -0.26981205  1.3586761 ]"
Adelograptus clarki,"[-0.35330263 -1.348785   -0.90786403 -3.0138566  -1.9191048  -1.4493041
 -2.2530715   1.3246431  -0.39588144  2.5158448   0.6366525   0.4672772
  2.3058035   0.9541883  -1.9473885  -1.4933838 ]"
Phyllograptus ilicifolius,"[-1.2074798  -1.6699466  -1.1678138  -2.201944    0.80680645  2.3824127
 -1.2089064   0.83809763 -0.2887916   1.4338094   2.1826224   1.1959969
  2.616072    0.32213277 -1.0010158   1.4120916 ]"
Isograptus victoriae,"[-2.3818269  -1.2671307   0.17496707 -2.1773057  -0.3116831   0.02105445
  0.06672148 -0.20814347  0.30749616  1.5375197   1.4086796   0.08865023
  2.2550142   2.9935284  -2.6727011  -0.5550582 ]"
Tetragraptus amii,"[-2.128274   -1.5870395   1.1961567  -0.58418256  0.5807547   0.62995255
  1.4879502  -1.5950453  -0.58946055  0.39215204  1.4843192   1.8097486
  1.7618792   2.8709786  -1.6422468   0.56405467]"
Phyllograptus anna,"[-1.154404   -1.6922122  -1.0828754  -2.1758375   0.9137164   2.2950094
 -1.148912    0.74451476 -0.3971901   1.3668374   2.1493268   1.254969
  2.6870468   0.27641374 -0.8314586   1.3807607 ]"
Dictyonema pulchellum,"[-0.17301448 -1.3515774  -1.2492201  -2.9693687  -2.0571837  -1.1497903
 -2.3434978   1.6644418  -0.01103201  2.3329396   0.19790247 -0.04935177
  2.011884    0.62530446 -2.0933547  -1.7700688 ]"
Tetragraptus decipiens,"[-2.2047365  -0.73722535  0.3550946  -2.3771043  -1.5192529  -1.265027
 -1.3182977  -0.2749377  -1.1878433   2.349822    1.5453789   0.7103747
  1.9714993   1.4684243  -2.482745   -0.36573133]"
Pseudisograptus hastatus,"[-2.8381703   0.60532176  1.9677165  -0.8628365   1.2473606   0.37334353
  0.22628897 -1.4637587  -2.583205    1.6064073   2.5423076  -0.49245825
  1.7521344   1.6564853  -1.6038058   1.4675132 ]"
Isograptus caduceus imitatus,"[-2.9359386  -0.47771916  1.6073892  -0.629121    0.59268796  0.5886416
  0.14474837 -1.2755996  -2.2567782   1.873097    2.479878   -1.126218
  0.91121775  2.2435274  -0.38920406  2.1015458 ]"
Cryptograptus schaferi,"[-1.9210582  -1.8615855   0.5130149   1.3494784   0.6347655   2.1852725
  1.9074622   0.18970914 -2.5498815  -0.4574866  -0.08740416  0.4827524
 -0.7401631   2.2538528  -0.24082743 -0.08822781]"
Graptolithus octobrachiatus,"[-2.0863957  -1.676179    1.8531528  -1.6504607   0.61007065 -0.8683427
 -0.40226412 -1.6124766  -2.426522    1.9181256   2.1957488   1.3287723
  1.3905121   1.7444046  -0.8347064   1.4992417 ]"
Dichograptus maccoyi,"[-2.2156718  -1.5420228   2.0127249  -1.4708642   0.5408399  -0.855103
 -0.50883776 -1.65745    -2.5169978   2.091541    2.0697773   1.0953566
  1.2640685   1.596699   -0.77047145  1.482888  ]"
Cardiograptus morsus,"[-2.4614298  -0.44199607  1.2134758   0.20082566  1.8834147   2.0784113
  1.7869855  -1.3133886   0.8281055  -0.75975704  1.2914937  -0.37627184
  1.655904    3.0714087  -2.2367766   0.7895019 ]"
Apiograptus,"[-3.0743248   0.16796197  1.6231643  -0.52939594  1.7378576   0.23346034
  2.049504   -1.2967416  -1.9330394   0.45340803  2.5415695   1.5639248
  1.314428    1.2685448  -1.650442    1.3539367 ]"
Goniograptus macer,"[-2.2557347  -1.3619621   2.0027578  -1.6478261   0.30920872 -0.9798968
 -0.5467206  -1.511042   -2.627211    2.2671757   2.1022844   1.2344116
  1.4593588   1.5982242  -0.97026426  1.5855021 ]"
Etagraptus harti,"[-2.1244326  -1.6395712   1.8761976  -1.7273326   0.5902646  -0.8553121
 -0.39420685 -1.6601493  -2.380448    2.1220317   2.0335634   0.96739924
  1.5216086   1.4422967  -0.9462873   1.474235  ]"
Harrisgraptus eocaduceus,"[-2.713084    0.48305336  2.3278673  -1.1710489   2.073166   -0.04304999
  0.52238494 -0.7160783  -2.481291    1.4998223   1.854116    0.18342842
  1.6252869   1.6632534  -2.2491899   1.5197599 ]"
Oncograptus,"[-2.4078782  -0.44837734  1.1973482   0.44858563  1.7973565   2.0415769
  1.8033241  -1.1284299   0.8619111  -0.56139076  1.4127865  -0.4261768
  1.4690754   3.1131916  -2.0297508   0.9134715 ]"
Oncograptus upsilon,"[-2.500077   -0.46797758  0.9292684   0.55209345  2.036095    2.1504362
  1.679388   -1.3692951   0.7969194  -0.44789597  1.4654623  -0.61362684
  1.5141939   3.0306513  -2.133477    0.8211023 ]"
Goniograptus speciosus,"[-2.981426   -0.7434698  -0.40321898 -0.8189635   2.130147    0.3269363
  1.4554933  -2.3029246  -2.2809737   0.49018434  0.3147896  -0.12775196
  2.064491    1.0833287  -2.228651    1.4679288 ]"
Pseudotrigonograptus ensiformis,"[-2.0884063 -1.4515673  1.2978617 -0.3073975  0.8291951  0.8627607
  1.3835534 -1.6938804 -0.6796742  0.4118218  2.1680448  1.8496144
  1.4178866  2.940937  -1.377271   0.794559 ]"
Isograptus victoriae lunatus,"[-2.754806   -1.6626763   2.1186771  -1.2447758   1.1363769  -0.18024349
 -0.90934455 -1.9207228  -2.604336    2.0642529   1.6586761  -0.78088933
  1.5011781   1.6907573  -0.13248587  1.7850319 ]"
Dicranograptus nicholsoni,"[ 0.445857   -1.8941811  -1.3730415   1.6559969  -0.4010141   2.3437088
  2.6850173   1.4029309  -1.4432955  -1.835152    0.09548642  0.5000815
 -1.4808658   1.4603388   0.53227043 -1.5250912 ]"
Sinograptidae,"[-0.17689496 -1.137886   -1.8617574   1.2862598  -0.20674352  2.2250738
  2.885895   -0.01425299 -1.0079484  -2.0197048   1.7105702   1.3770602
 -1.4599237   2.0090878   0.00928399 -0.26812732]"
Dichograptidae,"[-1.7657079  -1.3924103  -1.0174137  -1.5893383  -0.75803363  0.06558354
  1.036443   -0.19326441 -0.29089978  0.8993978   1.7904266   0.2871375
  1.6396779   2.8604681  -2.023233   -1.4077164 ]"
Lasiograptus etheridgei,"[-1.7669901  -0.86039054 -1.1293422   0.47462076  1.3743243   2.0594933
  2.7490213  -0.8464655   0.58043784 -1.2460762   1.5749362   0.07453507
 -0.24750803  2.9547648  -1.4241385  -0.19399221]"
Nicholsonograptus fasciculatus,"[-1.6326001  -0.88985366 -1.128099    0.8915611   1.2668242   2.1903458
  2.8295915  -0.9617331   0.53603977 -1.5434047   1.5889043   0.7058773
 -0.18776385  3.0302532  -1.6167717   0.06111789]"
Azygograptus novozealandicus,"[-1.7316644  -0.6463361  -1.1146096   0.35709143  1.3265265   2.1682699
  2.8138924  -1.0027275   0.7837318  -1.4760437   1.793932   -0.07716208
 -0.0301427   2.9282093  -1.6701044  -0.27383372]"
Corynoides tricornis,"[ 0.48582035 -2.0267332  -1.4004351   1.7490702  -0.2909186   2.2687085
  2.6444767   1.3288219  -1.4581637  -1.6289307   0.20918159  0.47321215
 -1.6175537   1.2509112   0.2845067  -1.5287576 ]"
Dicellograptus divaricatus,"[-1.7853465  -1.1333423  -0.7274867   1.294849   -0.11177666  2.0836036
  1.7738007  -1.5106915  -2.3270602  -0.9282911   1.3989989   0.07047674
 -0.07601212  2.318685   -0.9060669   0.12668878]"
Dicellograptus caduceus,"[ 0.32605994 -2.0682142  -1.4240236   1.7887021  -0.47062442  2.324503
  2.5761602   1.2328403  -1.5708137  -1.8062248   0.21089041  0.4212411
 -1.4344331   1.390245    0.6229256  -1.5875102 ]"
Mastigograptus serialis,"[ 1.9579422 -0.7853798 -2.3752108 -0.1310376  0.7284816  2.4110212
  1.9104416  0.7000533  2.204093   1.9230701  1.8164022  1.4498311
 -1.811502  -1.2254639 -1.6854151  2.316712 ]"
Pterograptus elegans,"[-1.5499254  -0.7683453  -1.0911161   0.31565273  1.492045    2.1437838
  2.8677716  -1.039964    0.5405292  -1.3280019   1.6637945   0.21716468
 -0.2211394   2.9324524  -1.4230295  -0.05931063]"
Didymograptus euodus,"[-1.7876059  -0.44993293 -0.13254933  0.19592085  1.8802637   2.1656039
  2.6050177  -1.0034603   1.0619794  -1.2367698   1.488058    0.2690777
  0.6216707   3.0258832  -1.9257047   0.35473457]"
Tetragraptus insuetus,"[-1.9410549  -0.42539516 -0.2468851   0.25758365  1.6894164   1.9738425
  2.58251    -1.2213496   0.95287246 -1.0610244   1.4529415   0.15301375
  0.56778175  3.0434656  -2.0358787   0.2744608 ]"
Normalograptus extraordinarius,"[ 1.2493128  -1.6555856   2.2636232   1.0112206   2.0721262   1.2970948
 -1.5722597   2.2400963  -0.29114342 -0.6128229  -1.3322598  -2.3807933
 -1.2254837  -1.4240328  -0.31450012 -2.5399547 ]"
Hustedograptus,"[-1.9315223  -0.83665687 -0.2587981   0.48777482  1.9034035   2.1690693
  2.4749048  -1.2763069   1.1367322  -1.1148103   1.478373   -0.19067128
  0.6547319   2.952096   -1.7548214   0.5118875 ]"
Proclimacograptus angustatus,"[-0.6113719  -1.1645771   1.9526625   1.9076334   3.0167868   2.217702
 -0.7427403  -0.58933     1.5087521  -1.6047591   0.44507232 -1.7248292
  0.07394557  1.3717493  -1.1216937  -1.4136509 ]"
Metabolograptus ojsuensis,"[ 1.1803529  -2.093656    1.5344441   1.4806873   1.3728153   1.7625751
 -0.63297504  2.3930874  -1.2737397  -1.0522751  -1.701947   -1.8356063
 -1.6308118  -0.69862586  0.10398526 -2.6883903 ]"
Neomonograptus,"[ 0.16326734  2.7604792  -2.2239616   2.6613245  -2.149562    0.04157579
 -2.2866125   2.1137211   3.0897067  -0.39997008 -1.4123011   3.4421048
  0.24615408  1.2370838   1.7500337   3.2168238 ]"
Climacograptus styloideus,"[ 0.82819444 -2.1517437  -0.37948212  1.3616446   0.7155351   2.465981
  2.4585476   2.1499038  -1.5415834  -1.5515956  -0.00384037 -0.6456043
 -1.5003239   0.11781494  0.16453806 -1.9114631 ]"
Dicranograptus clingani,"[ 0.7299689  -2.0902414  -0.47277126  1.3644326   0.84203047  2.5305343
  2.3178625   2.0536447  -1.5106273  -1.5346895  -0.15891714 -0.6100476
 -0.99640095  0.2752467   0.17542385 -1.8083961 ]"
Diplograptus pristis,"[ 0.5412316  -2.094953   -1.4863375   1.6364058  -0.27833056  2.4389641
  2.5016606   1.4062467  -1.4677594  -1.6569293   0.02443996  0.5793706
 -1.4692061   1.3112366   0.36338452 -1.4775676 ]"
Didymograptina,"[-0.7231536  -1.1045358   1.6560628  -1.8338718  -0.91753626 -1.1361854
 -1.5687041  -1.5042856  -2.9323978   2.0794446   2.3544948   2.1018078
  1.2851053   1.8059084  -0.0914401   0.5941184 ]"
Stimulograptus,"[ 2.5551484   3.2930815   0.8866846   1.303709    2.2661576  -2.2524018
 -0.31193575 -1.900192    1.1263627  -0.77878034  1.7046736  -1.0545064
  0.8377517  -0.9390934   2.8925564  -0.8300345 ]"
Dalyia,"[ 0.12205772 -2.2684183  -1.8635299   2.265268   -4.0111923   0.5523972
 -0.13757879  2.3119879   1.0773613   2.145827    0.97722346  4.0370417
 -0.97941124 -5.076045   -1.704393   -0.12390666]"
Pseudophyllograptus densus,"[-2.2559206  -1.6220361   1.9083929  -1.5703149   0.32375562 -0.9815598
 -0.81541806 -1.5272585  -2.7305613   2.1560237   1.9268482   1.1989125
  1.6722329   1.6799043  -0.4573425   1.3809215 ]"
Didymograptus suecicus,"[-2.0963094  -1.2957027   1.9246037  -1.5948148   0.8172261  -0.94999564
 -0.5446909  -1.5466292  -2.5277178   2.1932545   2.3233016   1.325703
  1.4479263   1.7488151  -0.81798863  1.6258118 ]"
Rhabdopleurida,"[ 5.577224  -5.472527   4.953867   5.346089  -5.728694   5.2832856
 -5.1067095 -5.1923594  5.7746286  6.185282  -5.264403  -5.005765
 -5.753203   4.745018  -5.0893292 -5.2575765]"
Dicranograptus ramosus,"[-1.8464348  -1.4158018   0.05781587  1.3484774   1.0545955   2.1922388
  2.1943595   0.11895872 -2.3994608  -0.5167288  -0.50376135  0.4835286
 -0.75894934  2.066352   -0.28917193 -0.2111909 ]"
Anomalograptus,"[-2.4316614  -0.20913172  1.0592084   0.40235496  1.8243378   2.090688
  1.8509119  -1.2206153   0.9815329  -0.53973144  1.4386051   0.05895502
  1.5772138   2.925026   -2.0884342   0.9083906 ]"
Rhabdinopora flabelliformis anglica,"[-1.7417773  -1.3905802   0.4430615  -2.5702705  -1.9011587  -1.4655423
 -1.8747536   0.06728486 -1.7794496   2.6981742   1.0681024   0.8599235
  2.1506374   1.2502711  -1.958348   -0.51283073]"
Levisograptus dentatus,"[-2.4506853   0.07907312 -0.34236392  0.26492447  1.4174352   1.9206343
  2.236601   -1.374221   -0.98825705 -0.48315066  2.092992    0.5790296
  0.56283724  2.964891   -2.0658383   0.69747967]"
Dicellograptus elegans,"[ 0.9601521  -1.901148   -0.3584718   1.9028692   1.8361754   1.993471
  1.4359101   1.9832866  -0.82914454 -1.7095444  -0.3514787  -1.080771
 -1.5481097   0.46297315 -0.15576047 -2.346487  ]"
Baculograptus,"[ 1.7461704   1.8968704   1.3196765  -0.7353821  -1.8693084  -2.790957
  1.3594706  -1.0712738  -0.36752585 -2.2360275   0.43551788 -0.4579901
  0.71116227 -3.0701017   3.4890845   1.009212  ]"
Avitograptus avitus,"[ 1.1321568 -1.2262092  2.2642484  1.6276903  2.5813143  0.6328701
 -2.4555762  1.5373045  0.5206379 -0.698165  -1.1637478 -2.609799
 -1.2624611 -1.0577123 -0.4493753 -2.6624045]"
Pribylograptus,"[ 1.9930573   1.8980618   1.4495804   1.8725657   2.2349572  -2.077048
 -2.4042006  -1.3664681   1.9986464  -2.1592715  -0.46340495 -1.6735164
 -2.8229592  -0.13771182  0.793717   -1.4388044 ]"
Coronograptus,"[ 1.7854112   0.8980991   1.7953067   1.8115404   2.331735   -1.2528205
 -2.4074874   0.01260163  1.3144356  -1.6548148  -0.7075324  -2.1893477
 -2.7286904  -0.7613791   0.3006247  -2.0522933 ]"
Tetragraptus pseudobigsbyi,"[-2.141055   -1.6960539   1.8078946  -1.4974602   0.47423682 -0.9816472
 -0.6839965  -1.6648059  -2.4432242   2.1499076   2.0991917   1.1816769
  1.4175285   1.4429446  -0.9379725   1.4871708 ]"
Acrograptus gracilis,"[-2.1989415  -0.71829283  0.12412576 -2.4366004  -1.613837   -1.151363
 -1.1024295  -0.06832711 -1.1933979   2.2850282   1.6099764   0.39741048
  1.8208758   1.4277054  -2.691307   -0.46136013]"
Corynoides calicularis,"[ 0.34098595 -2.014153   -1.5300587   1.781193   -0.29344407  2.5174127
  2.5932357   1.4530262  -1.4381449  -1.8039562  -0.05932045  0.6750219
 -1.4281342   1.3924793   0.4849466  -1.3745801 ]"
Arachniograptus,"[ 1.198018   -2.0140235   0.13797355  1.8738704   0.74797946  1.602944
 -0.20252961  2.1967652  -1.8925847  -1.2376872  -1.2916194  -1.2790421
 -1.7910511  -0.26878715  0.92919147 -2.6125414 ]"
Dicellograptus ornatus,"[ 1.3455642  -1.953496    1.4649282   1.4094595   1.5077579   1.6044791
 -0.9131766   2.2476778  -1.2971635  -0.84703946 -1.5803225  -1.7157346
 -1.8387485  -0.8895521   0.11495466 -2.58294   ]"
Paraorthograptus pacificus,"[ 1.4247118  -2.0800183   1.373188    1.4774284   1.4852444   1.8759253
 -0.7269473   2.3976936  -1.4898101  -0.9343466  -1.5559047  -1.6777462
 -2.0070684  -0.86143976  0.36163157 -2.6102376 ]"
Oelandograptus,"[-2.0287333  -0.85302335 -0.3901499   0.4161323   1.7295679   2.2416515
  2.4908109  -1.1038598   0.9930577  -1.0389411   1.6411457   0.28212994
  0.7835558   2.8041856  -1.955574    0.61276364]"
Pseudamplexograptus latus,"[-1.9835327  -0.52695405 -0.20092402  0.43300828  1.8937262   2.1100414
  2.5028589  -1.0283227   0.9445012  -1.2921838   1.5179963  -0.17778528
  0.68000346  2.9985998  -1.9036051   0.25850832]"
Sudburigraptus,"[ 1.571436    1.2567796   1.4122984   1.977667    1.7436774  -1.8126639
 -2.6399863  -1.0660201   2.0056372  -2.325734   -1.0314875  -1.7781137
 -2.9929686  -0.13451357  0.45724285 -1.7137161 ]"
Huttagraptus,"[ 1.4405769   1.4918829   1.4146631   2.294719    1.6325676  -2.059477
 -2.4879572  -0.7952258   1.7011212  -2.3722506  -0.91152084 -1.6021702
 -2.8602386  -0.05110023  0.5772805  -1.6792289 ]"
Mirorgraptus,"[ 2.3345058  2.6286676  1.0957713  2.0411985  2.3006473 -2.3177085
 -1.6928344 -1.4082401  1.3942006 -1.6764364  1.2975327 -1.3364501
 -1.1937463 -0.8907246  1.966476  -1.2783985]"
Giganteograptus,"[ 2.4305284   2.6458979   0.87423617  1.7630868   2.2511399  -2.2014916
 -1.6253425  -1.5403162   1.5401446  -1.499074    1.1958508  -1.2860312
 -1.2911943  -0.8097513   1.9745926  -1.3026875 ]"
Pileograptus,"[ 2.4350924   2.4662023   1.347844    1.8155419   2.2447712  -2.175352
 -1.6852274  -1.4647752   1.4475139  -1.6440631   1.1399932  -1.4888418
 -1.469216   -0.78643453  1.8267686  -1.414225  ]"
Normalograptus trifilis,"[ 2.4906723   2.5501773   1.112698    1.8258206   2.3323946  -2.3108077
 -1.5862198  -1.592737    1.452914   -1.5576386   1.240617   -1.4719228
 -1.243073   -0.95717204  1.970878   -1.4901563 ]"
Tetragraptus akzharensis,"[-1.9292965  -1.5319964   1.8606473  -1.5959041  -0.16723216 -1.0549089
 -1.2108366  -1.3097663  -2.7415624   2.2449453   1.6297859   1.248388
  1.640972    1.7244495  -0.2943684   1.2395517 ]"
Tetragraptus phyllograptoides,"[-1.5590537  -1.071824    0.48223433 -2.4055362  -1.7257911  -1.314592
 -1.7907424   0.03113636 -1.6328431   2.649328    1.3596163   1.0810946
  1.9101609   1.191189   -2.0947301  -0.32413736]"
Sigmagraptinae,"[-1.750796   -1.7737828   1.7701391  -1.6659691  -0.4339458  -0.9312912
 -1.3997356  -1.576225   -2.919222    2.2107148   2.1942983   0.97972447
  1.3510569   1.981619    0.45132372  0.9566136 ]"
Anticostia,"[ 1.0555143  -1.9352658   1.4293965   1.6397133   1.6168044   1.7460252
 -0.7260941   2.1794202  -1.3868523  -0.84430784 -1.5638855  -1.6277312
 -1.876368   -0.97578096  0.05169901 -2.563564  ]"
Styracograptus mississippiensis,"[ 1.4400063  -1.9878076   1.4417812   1.4942588   1.4407593   1.7837474
 -0.8766526   2.353592   -1.3366766  -1.088683   -1.4456711  -1.6869704
 -1.9504839  -0.8099349   0.04398112 -2.591808  ]"
Parareteograptus sinensis,"[ 1.2702332  -1.8943983   1.4918946   1.7000636   1.4889623   1.8336345
 -0.70332074  2.259435   -1.4983587  -1.0438141  -1.8490316  -1.5902537
 -1.9570408  -0.87070656  0.34056067 -2.4289224 ]"
Paraplegmatograptus uniformis,"[ 1.2413853  -2.0089371   1.2491821   1.473979    1.5437421   1.7933025
 -0.8470309   2.461694   -1.4998808  -0.8952459  -1.6625786  -1.6020485
 -1.8556266  -0.7802418   0.11636262 -2.5603347 ]"
Pleurograptus lui,"[ 1.4396807  -1.8551811   1.3389158   1.7229642   1.4107615   1.7354861
 -0.862546    2.295556   -1.2818698  -1.0563315  -1.6032243  -1.6626377
 -1.9142318  -0.95958483  0.6388442  -2.5763788 ]"
Styracograptus,"[ 1.3214546  -1.8826323   1.43328     1.8296506   1.5992668   1.7151088
 -0.82292897  2.320348   -1.1238943  -1.3014058  -1.5732741  -1.6877705
 -1.8616048  -0.7966393   0.2962114  -2.6535497 ]"
Ophigraptus,"[-1.5869958   2.115374   -1.8940905   4.078617    1.4675499   1.4117548
 -0.61189777 -1.9010587   5.3629766   0.58574456 -0.89768934  1.7268441
  0.9602464  -2.553485   -0.8915823   2.615627  ]"
Lobograptus,"[-0.38539627  2.0405505   0.27469978 -1.8184688   0.66505694 -0.8614277
  2.0321095  -2.1683562   2.8175313  -1.4038728  -3.2977002  -1.1895599
  1.1445324  -2.7863805   2.0528803   1.0488383 ]"
Cucullograptus,"[-0.36410463  1.8321642   0.21963586 -1.8987527   0.7199357  -0.6277467
  2.0894356  -2.0764978   2.690073   -1.3281596  -3.2125027  -1.2842344
  1.1554377  -2.7782035   2.0515013   1.0604798 ]"
Neolobograptus,"[ 1.7821757e+00  2.5467844e+00  1.8945591e-01 -2.2548254e+00
 -2.0781920e+00 -1.5890969e+00  1.5539502e+00 -1.8366191e+00
  2.9197021e+00 -1.7216596e-01 -3.8957236e+00  1.8084400e-03
 -1.9113760e+00 -9.1593385e-01  1.4265190e+00  1.0611010e+00]"
Appendispinograptus,"[ 1.1003009  -1.913848    1.3232609   1.6576058   1.3619566   1.6465297
 -0.74307835  2.253928   -1.382625   -0.9404191  -1.5609822  -1.4873616
 -1.7657522  -0.77117866  0.34198132 -2.5054684 ]"
Paraorthograptus uniformis,"[ 1.291339   -1.8445832   1.2618614   1.5540931   1.2351652   1.7291424
 -0.8444562   2.2131221  -1.3210003  -0.8308646  -1.5387493  -1.6004348
 -1.8305681  -0.8744869   0.35136765 -2.4234853 ]"
Rivagraptus,"[ 1.7767442   1.4044727   1.4946659   1.9550382   1.776429   -1.9058259
 -2.3453135  -1.155406    1.824491   -2.350856   -0.96182925 -1.7033175
 -2.90486     0.08950529  0.6616005  -1.6164424 ]"
Rhabdinopora flabelliformis parabola,"[-0.62215096 -2.1276698   0.6956768  -0.07128838  0.35070345  0.374269
 -0.6091882   1.1499299  -1.448635    0.22445835  0.5983982  -0.9185896
  0.19884382  1.8537793  -1.7876325  -2.1465065 ]"
Rectograptus gracilis,"[ 1.6579096  -2.1305747   2.2240822   0.1719371   1.6428993   1.6766394
 -0.67526084  2.7515724  -1.1557033  -0.17505774 -1.079486   -2.168367
 -1.221649   -1.7432666  -0.20762523 -2.3737042 ]"
Psigraptus jacksoni,"[-0.30908468 -1.6463709  -1.2128084  -2.9970732  -1.9176909  -1.1392237
 -2.2968905   1.4634438  -0.43642774  2.5391684   0.5428881   0.3705775
  2.0808046   1.057828   -1.8650997  -1.5253834 ]"
Baltograptus geometricus,"[-1.4667596  -0.97980887  0.35734847 -2.3357434  -1.820952   -1.4165955
 -1.8567762   0.08231221 -1.5651596   2.516292    1.4697028   1.1875579
  2.0483208   1.3732476  -1.8277489  -0.7279674 ]"
Baltograptus vacillans,"[-2.1288016  -0.86167294  0.00844313 -2.4045355  -1.3632066  -1.1730635
 -1.2814946  -0.23024859 -1.2286675   2.2863493   1.7567128   0.5795851
  2.0483408   1.459143   -2.6116087  -0.48527768]"
Amplexograptus rugosus,"[ 0.88117146 -2.1172159  -1.2334969   1.6201546  -1.1300144   1.8472705
  1.942691    1.3703715  -2.2135267  -1.473883    0.07873572  0.75759935
 -1.6156509   1.1710992   1.3204901  -1.5396303 ]"
Corynoides incurvus,"[ 0.6930824 -1.9728917 -1.3827244  1.8196081 -1.2978232  1.8130974
  2.091976   1.5636767 -2.0099535 -1.6928948  0.1101549  0.5064968
 -1.6894226  1.2167027  0.9724144 -1.807154 ]"
Anticostia teres,"[ 0.6922442  -2.3138895  -0.5429464   1.229491    1.120549    2.6294987
  2.4789329   1.9525374  -1.5203329  -1.487532   -0.30142102 -0.8174433
 -1.0530884   0.10050709  0.24742775 -1.914103  ]"
Pseudamplexograptus,"[-1.9118766  -1.303957    0.3125434   1.2009863   1.8301116   2.598659
  1.9748925  -1.2443142   1.5977856  -1.3855908   0.70869243 -0.83220845
  1.3718885   2.7798965  -1.9206624   0.375566  ]"
Archiclimacograptus,"[-2.0436878  -0.92983025  0.48950884  1.2070583   2.0251675   2.8133373
  2.2435186  -1.0901554   1.5046817  -1.5346874   0.40997076 -0.42456004
  1.7429707   3.2635617  -1.7126158  -0.11824575]"
Dicaulograptus,"[-1.908317  -1.1394643  0.3582905  1.3923068  2.4803638  2.415436
  1.8603792 -1.2735927  1.4829284 -1.3029925  0.5147349 -0.6275575
  1.3796027  3.1223817 -2.0098433  0.1453485]"
Haddingograptus,"[-2.0387006  -1.2965692   0.76232547  1.3592672   1.8904384   2.9236429
  1.723932   -1.1271003   1.7506653  -1.2912488   0.60102814 -0.7759725
  1.2787015   2.9772916  -1.912872    0.31318775]"
Dendrograptus gracilis,"[-1.8285799  -0.6077317  -0.49353337  0.32736433  2.0534725   2.1809928
  2.394871   -1.1761903   1.0971738  -1.1759797   1.8019253  -0.10287694
  0.8255876   2.917391   -1.9787873   0.43985984]"
Tylograptus globiformis,"[-1.8346465  -0.67588913 -0.20718302  0.5374837   1.734182    2.1782663
  2.5423992  -1.1569513   1.1914257  -1.2044843   1.705791   -0.11763214
  0.7141074   2.8164773  -1.9701881   0.4455169 ]"
Sinograptus rastritoides,"[-1.7945076  -0.5429271  -0.57244253  0.27476737  1.8606125   2.0931346
  2.4622328  -0.9681271   1.1502905  -1.1970869   1.7628798  -0.04119701
  0.5839041   2.8875573  -2.0239573   0.33539152]"
Climacograptus nevadensis,"[ 1.0403057  -2.0007572  -1.1145393   1.8765476  -0.9246581   1.8224676
  1.7601624   2.147215   -2.3045459  -1.4827853  -0.9210102   0.22986834
 -1.9816382   0.7501897   1.0843759  -2.1679525 ]"
Orthograptus thorsteinssoni,"[ 1.293714   -1.5654198   2.3069139   1.0643394   2.3074615   1.4005557
 -1.4727116   2.1548734  -0.19694698 -0.7784898  -1.37828    -2.3746538
 -1.0944759  -1.4216598  -0.1322822  -2.4194381 ]"
Rectograptus socialis,"[ 1.3263159  -2.2638187   1.1016668   0.99044824  0.09008462  2.2963872
  0.26489347  2.759453   -2.0191438  -0.84660447 -1.4880445  -1.3724648
 -1.6344829  -1.0514117   0.23611563 -2.3263543 ]"
Araneograptus,"[-0.970177   -1.5314382   0.06834022 -2.5731044  -1.9933794  -1.6048871
 -1.9282391  -0.01886161 -1.4598229   2.5545518   1.2929449   1.2296354
  2.1429884   1.23428    -1.369348   -0.99598294]"
Didymograptus balticus,"[-1.9045608  -1.4565916   2.1414428  -1.6496222  -0.11698025 -1.1182601
 -1.3902086  -1.2983932  -2.967228    2.3020656   1.7579743   1.4795855
  1.58123     1.6283576  -0.0490966   1.2719929 ]"
Didymograptus protobalticus,"[-1.8062557  -0.8523979   0.5552738  -2.4179282  -1.6958269  -1.3403082
 -1.7334121   0.1305279  -1.6545994   2.6235814   1.1569566   0.86501443
  2.207401    1.1661328  -2.0147781  -0.31060883]"
Isograptus gibberulus,"[-2.300462   -1.6554416   1.0956202  -0.47970694  0.71611047  0.4801537
  1.5336167  -1.6678548  -0.6635835   0.2861424   1.7472745   1.7220407
  1.7302816   3.0147898  -1.7073741   0.685313  ]"
Pseudoisograptus,"[-2.377476   -0.02919312  0.7773917   0.32551754  1.5009238   1.7124615
  2.2621145  -0.9779156   0.10262834 -0.28377673  2.160116    0.26257354
  0.8748599   2.7936294  -2.1755462   0.96405876]"
Oktavites bodentoeriensis,"[ 2.5375147   3.250808    0.92440206  1.3373057   2.1490705  -2.3213396
 -0.34223244 -1.8393285   0.8252767  -0.79834414  1.8478298  -0.88941485
  1.0712326  -0.79162717  2.8955438  -0.9140178 ]"
Polygonograptus,"[ 1.5609565  -1.9782408   1.5169193   0.64565736  0.4912949   2.2126155
  0.21194802  2.6944747  -2.0326998  -0.7506655  -1.4404476  -1.4717717
 -1.6297814  -1.2782259   0.3161204  -2.1498535 ]"
Corynoides americanus,"[ 0.38249514 -1.9048524  -1.611215    1.6252347  -0.38656163  2.320024
  2.450386    1.4153475  -1.4151467  -1.6373166  -0.02003417  0.50124
 -1.3634263   1.4125077   0.47470573 -1.5571282 ]"
Hormograptus,"[ 0.35337847 -1.9812135  -1.4976486   1.6610203  -0.42929637  2.360733
  2.5112863   1.3617674  -1.4054608  -1.7472154   0.03694687  0.4729964
 -1.3967183   1.4506524   0.46873304 -1.5131855 ]"
Kiaerograptus quasimodo,"[-0.26193452 -1.4392945  -1.1780071  -3.1165082  -1.9481514  -1.2717664
 -2.365148    1.4855877  -0.53626734  2.6662424   0.586448    0.39193657
  2.252155    0.82958645 -2.1349692  -1.5107701 ]"
Sigmagraptus praecursor,"[-2.1054697  -0.7565584   0.36159277 -2.437066   -1.5077201  -1.1519842
 -1.1612213  -0.03767165 -1.284767    2.3004546   1.621891    0.5074427
  1.9239949   1.3757579  -2.5681021  -0.42606083]"
Laxograptus shellyi,"[-2.3256063  -1.7321018   1.8578931  -1.4372348   0.23427382 -0.9228724
 -0.5391597  -1.7137971  -2.4897106   2.034892    1.9420885   1.0577546
  1.3032675   1.6711125  -0.8470483   1.6420401 ]"
Tetragraptus acclinans,"[-2.0817945  -0.5476444   0.32463956 -2.5088356  -1.5825884  -1.2358783
 -1.4025338  -0.01785936 -1.21265     2.3211167   1.4037106   0.6711224
  2.0859554   1.4044797  -2.5289094  -0.4211289 ]"
Tetragraptus pendens,"[-2.2828445  -1.2781396   2.081353   -1.5247443   0.4711013  -0.9072594
 -0.64023787 -1.5477753  -2.475519    2.1818466   1.992477    0.9210422
  1.4442228   1.7644708  -1.0488895   1.5006415 ]"
Pseudophyllograptus angustifolius elongatus,"[-2.2872012  -1.4427646   1.9242207  -1.3784906   0.4199157  -0.86819625
 -0.81335485 -1.6392366  -2.279138    2.171771    2.1713684   1.253161
  1.6089827   1.6619382  -0.87498635  1.5154763 ]"
Didymograptus ensjoensis,"[-2.0806756  -0.7582321   0.33486792 -2.253892   -1.488967   -1.1633828
 -1.2355919  -0.1731829  -1.1775646   2.443357    1.5594546   0.555697
  1.7910639   1.4476085  -2.480997   -0.2618416 ]"
Didymograptus pacificus,"[-2.22134    -1.3871601   1.9563934  -1.5725394   0.6515988  -0.72610605
 -0.6933149  -1.3839103  -2.5700982   2.2540877   1.8594651   1.2908747
  1.3824271   1.5998644  -0.76694304  1.7054839 ]"
Dendrograptus kindlei,"[ 2.3777504   0.20795219 -2.9839518  -1.4073077   0.8532449   1.9040862
  0.08958719  0.22741948  3.1678166   3.1772838   2.1107116   1.4176017
 -1.068858   -2.937142   -1.0889869   3.7204258 ]"
Didymograptus (Didymograptus),"[-2.2672613  -0.7862794   0.6505183   0.69369674  1.9750652   2.3374703
  2.037493   -1.1370088   1.4363431  -0.9447704   0.8391495  -0.44882283
  1.6723927   3.1410015  -2.0746508   0.1596809 ]"
Levisograptus,"[-2.367198   -0.28300008  0.56827897  0.3774267   1.4821935   1.8011876
  2.0455775  -1.2986438   0.17463863 -0.5775352   2.231211   -0.19541444
  0.9025681   2.8540895  -2.1620195   0.9457014 ]"
Xiphograptus,"[-0.05661364 -3.0813522  -0.04988788 -0.3263728  -0.82884437 -0.2840916
  0.6344669   0.09057291 -3.2667034   0.6669055   1.7693547   1.5182036
 -0.43344268  1.6498336   0.9680466  -0.08830339]"
Arienigraptus,"[-2.0509176  -0.8171347  -0.41005063  0.48437017  1.8263096   2.0986269
  2.602971   -1.2812922   1.1565133  -1.1308987   1.4051847  -0.03002056
  0.8411163   2.9458172  -2.063321    0.27265674]"
Undulograptus formosus,"[-1.8400664  -0.6024559  -0.2418073   0.3713094   2.1076546   2.2822487
  2.4555776  -0.99452996  1.0724438  -1.1600474   1.5936775   0.13659304
  0.87693703  2.8689077  -1.8577482   0.44906917]"
Levisograptus primus,"[-1.7801028e+00 -4.3568167e-01 -4.9946582e-01  4.2971238e-01
  2.0934649e+00  2.3786306e+00  2.3781714e+00 -8.2791388e-01
  1.1597210e+00 -1.2153053e+00  1.6945674e+00  2.0470768e-03
  7.0300210e-01  3.0492420e+00 -2.0209610e+00  3.9405966e-01]"
Bryograptus ramosus,"[-0.2875714  -1.1713886  -1.290192   -3.1211305  -2.135461   -1.1473422
 -2.3581412   1.6263115  -0.12475182  2.379488    0.4342779   0.16268669
  2.1805189   0.82713866 -2.1094894  -1.6678998 ]"
Bryograptus kjerulfi,"[-1.0046622  -1.6194683   0.05728795 -2.4796844  -1.9900368  -1.6091712
 -1.9825315   0.01798804 -1.3248733   2.5373914   1.2844731   1.3372271
  2.1184616   1.1791323  -1.690043   -0.92148095]"
Chigraptus supinus,"[-0.3299842  -1.3421483  -1.2307738  -2.9461946  -1.9904453  -1.0021052
 -2.44251     1.6716844  -0.06437568  2.432634    0.42420638  0.2104316
  2.1592271   0.6223696  -1.9658164  -1.5507374 ]"
Psigraptus arcticus,"[-0.47186288 -1.9958111  -0.39540485 -2.67943    -1.878736   -1.8397362
 -2.260817    0.404509   -0.87686867  2.604424    1.1127276   1.5776621
  2.3598197   1.2984755  -1.6559304  -1.3629508 ]"
Psigraptus lenzi,"[-0.26966128 -1.4946839  -1.1243994  -3.1506462  -2.1068323  -1.253792
 -2.2280438   1.3985864  -0.3195828   2.4555235   0.5516474   0.3170118
  2.2922263   0.8049926  -1.9918895  -1.5915256 ]"
Ancoragraptus,"[-0.21843502 -1.0980756  -1.2601658  -3.1025565  -2.1084902  -1.3477267
 -2.2604532   1.6671904  -0.3442541   2.4598074   0.3389716  -0.02158115
  2.0253253   0.7540685  -2.0871918  -1.6926378 ]"
Adelograptus brevibrachiatus,"[-0.30061024 -1.3433859  -1.2498581  -3.0079186  -2.121081   -1.1803086
 -2.382947    1.7016217  -0.04273173  2.440442    0.30418238  0.12176087
  2.1026752   0.6786716  -2.157114   -1.6321955 ]"
Kiaerograptus bulmani,"[-0.8512766  -1.5321456   0.06208133 -2.4879856  -1.9457699  -1.6134523
 -1.9855919   0.12433619 -1.3856436   2.5136409   0.999162    1.3530294
  2.0456781   1.178481   -1.534272   -0.9381712 ]"
Hunnegraptus copiosus,"[-0.8203562  -1.6281611  -0.01064468 -2.6266031  -1.9678068  -1.6446389
 -1.858361    0.04672102 -1.4142702   2.5329683   1.2794389   1.5119056
  2.2314768   1.2137473  -1.4523203  -0.9461461 ]"
Clonograptus flexilis,"[-2.0983698  -0.7160693   0.47968856 -2.5945804  -1.4704949  -1.2136333
 -1.3280814  -0.11704637 -1.2488223   2.4357743   1.6662527   0.13260521
  2.0563235   1.3432747  -2.5616202  -0.24032907]"
Didymograptus (Expansograptus) validus,"[-2.192939   -1.3705153   1.9505384  -1.4825324   0.63433325 -0.7915781
 -0.51496536 -1.5166978  -2.6275473   2.1265213   2.1224353   1.2917378
  1.2842236   1.639919   -1.0088173   1.5233936 ]"
Pendeograptus,"[-2.3165178  -1.0988401   1.9199052  -1.6804193   0.6197776  -0.84988856
 -0.36034918 -1.5673013  -2.3665814   2.2572544   2.1751933   1.1162654
  1.5063286   1.7526675  -1.2121806   1.7162211 ]"
Didymograptus holmi,"[-2.0858388  -0.7015597   0.41446286 -2.383472   -1.5201901  -1.2092179
 -1.3647264   0.03824314 -1.3416584   2.3062985   1.596348    0.7779399
  1.8661921   1.3216741  -2.4239647  -0.3545286 ]"
Didymograptus latus,"[-2.1048377 -1.5463129  2.036594  -1.3745685  0.6105978 -0.9814133
 -0.4660297 -1.5433388 -2.5576506  2.1161344  2.0956864  1.2040825
  1.3510786  1.7686008 -1.0040919  1.4111398]"
Graptolithus similis,"[-1.9040645  -0.7861128   0.13897431 -2.4699395  -1.6040703  -1.1581922
 -1.1245627  -0.09262162 -1.3856536   2.3009932   1.7144153   0.57756174
  1.8015119   1.3230336  -2.4599457  -0.50876117]"
Graptolithus constrictus,"[-2.0008893  -0.68727905  0.32193276 -2.570899   -1.5518056  -1.1142575
 -1.1257575   0.0271525  -1.278425    2.3595858   1.5350618   0.57070154
  1.8734838   1.4691005  -2.581951   -0.31060255]"
Rhabdinopora enigma,"[-0.3689647  -1.5572742  -0.96614957 -3.1327255  -2.139152   -1.4756374
 -2.4010031   1.4207605  -0.3140348   2.4913623   0.41959384  0.40825662
  2.3358243   0.9950889  -2.0304763  -1.6751492 ]"
Anisograptus delicatulus,"[-0.2565471  -1.5348779  -1.1141661  -3.0223362  -1.9884728  -1.2522544
 -2.4312031   1.5364975  -0.37417012  2.483384    0.48586726  0.54236525
  2.3332746   0.94518566 -1.9256094  -1.4607034 ]"
Anisograptus compactus,"[-0.3294094  -1.3312981  -1.1404037  -3.0935068  -1.9440423  -1.388424
 -2.2323363   1.3137772  -0.14958133  2.5728633   0.4217974   0.29475653
  2.3926914   0.79822105 -2.050854   -1.5377893 ]"
Rhabdinopora flabelliformis multithecata,"[ 0.12521508 -1.459194   -1.7576289  -2.882056   -2.1941607  -0.62476957
 -2.827532    2.260587    0.3476036   2.683112   -0.1651874  -0.34405342
  1.4453671  -0.13211028 -2.3043833  -1.9120996 ]"
Archaeolafoea monegettae,"[ 2.065016  -0.7372333 -2.4116578  0.581382  -1.150986   1.1248181
  0.7717114  1.5251919  3.0531597  3.0545537  2.096469   3.0068455
 -1.5132362 -4.0007553 -2.471538   2.3762388]"
Dendrograptus hallianus,"[ 2.1717527   0.04971906 -2.6774542  -0.74236226  0.30651417  1.6138303
  0.43370625  0.86237055  3.017975    2.9772522   1.8049617   1.887541
 -1.1485206  -2.8343396  -1.616827    3.0923567 ]"
Dictyonema ramosissimum,"[ 1.5406125  -0.3077686  -2.1700068  -2.2016125  -0.79448926  0.04053394
 -0.13995785  0.7299777   2.1725755   3.3643363   1.6678653   0.978858
 -0.41933057 -1.1329116  -2.6634705   1.373094  ]"
Aspidograptus smithtonensis,"[ 2.2375565  -0.03266764 -2.7029073  -0.74248344  0.24646014  1.5665505
  0.51062244  0.71530443  3.0236316   2.9553418   1.8706292   1.8481904
 -1.2675759  -2.8721633  -1.5575138   3.1424274 ]"
Desmograptus quiltyi,"[ 2.2388577  -0.00416491 -2.7103844  -0.75832134  0.30088547  1.6513666
  0.45856285  0.8104736   3.038248    2.9719696   1.8260094   1.8928642
 -1.2439569  -2.8187113  -1.5876495   3.139087  ]"
Callograptus praesalteri,"[ 2.24044     0.05337212 -2.6852841  -0.8591294   0.35247734  1.6581824
  0.5029354   0.8591125   3.05944     3.01582     1.8079892   1.8227686
 -1.1965618  -2.9034357  -1.611901    3.1126232 ]"
Polygonograptus mellaensis,"[ 2.2437093   0.00988618 -2.7634673  -0.7511318   0.23674536  1.7040019
  0.45904005  0.80712265  3.0430722   2.9905703   1.8559299   1.9168726
 -1.2390482  -2.8643513  -1.5402983   3.1612487 ]"
Archaeolafoea longicornis,"[ 2.2263136   0.06125179 -2.7198315  -0.6653589   0.38581276  1.6308086
  0.59475124  0.7944597   3.0196111   2.901462    1.8308219   1.8667717
 -1.2932354  -2.849129   -1.5435796   3.0753174 ]"
Eoglyptograptus,"[-2.1657896  -1.516705    1.0767761  -0.45624202  0.9196033   0.9340535
  1.5434906  -1.6437602  -0.9508599   0.50871986  1.8661021   1.6384542
  1.5553055   2.7816     -1.6023213   0.7601352 ]"
Expansograptus hirundo,"[-2.5309753  -0.2576346   0.75360775  0.35388494  1.409866    1.8062224
  2.177567   -1.3926116   0.17611946 -0.5314577   1.8669667   0.16488706
  1.1251762   2.8763344  -2.3133771   0.92001426]"
Corymbograptus,"[-1.9779017  -1.591566    1.063154   -0.35246262  0.84263843  0.60128707
  1.6200478  -1.906887   -0.31908083  0.06150387  2.0492816   2.0228944
  1.5667547   2.6646986  -1.4642332   0.53549945]"
Levisograptus sinodentatus,"[-2.403674   -0.49532235  0.42406058  0.18830739  1.3074104   2.1164901
  2.1514971  -1.2645389  -0.02364803 -0.4917345   1.6661853  -0.21502608
  1.0721158   3.0248518  -2.1527731   0.9254402 ]"
Levisograptus sinicus,"[-1.9444383  -0.48357356 -0.11076521  0.30621365  1.9307803   2.3247533
  2.64769    -0.9911575   1.0148547  -1.0833601   1.8180884  -0.04706958
  0.64942884  3.029635   -2.068151    0.35188743]"
Parakidograptus,"[ 1.6135908   0.33277422  2.0163226   1.713391    2.1195285  -0.8612723
 -2.342197    0.12745656  1.2733488  -1.8535658  -1.1490918  -2.2062113
 -2.6516974  -0.6393736   0.03532954 -2.0039198 ]"
Metabolograptus,"[ 1.7894411   1.02895     1.8192506   1.7828166   2.391764   -1.1623667
 -2.3154712  -0.05104441  1.2181259  -1.7678093  -0.67236775 -2.1143386
 -2.5109768  -0.8339959   0.36683556 -1.9161172 ]"
Paraclimacograptus,"[ 2.011275    1.7857116   1.2065768   1.9734716   2.163692   -2.1733031
 -2.3119273  -1.3282493   1.7210321  -2.196679   -0.38521084 -1.5751396
 -2.7558835  -0.19666627  0.7487739  -1.5252044 ]"
Didymograptus uniformis,"[-2.0265703  -1.7720807   2.092225   -1.5550358  -0.0331847  -1.2478701
 -1.2881533  -1.5407776  -2.884071    2.4225836   1.9223616   0.8073854
  1.6665914   1.4761615  -0.18227404  1.0085902 ]"
Azygograptus ellesi,"[-3.0939765   0.04219797  2.206191   -0.48817727  0.91034484 -0.23973681
 -0.93169445 -1.4377383  -2.9888318   2.030014    1.8327172  -0.7384166
  0.9824362   1.8588581  -1.0352309   1.5764761 ]"
Didymograptus paraindentus,"[-2.612259   -0.33463526  0.9236608   0.6035134   1.786999    1.9810199
  1.5653512  -1.3870144   1.0767992  -0.49477956  1.4550139  -0.33207503
  1.4934847   2.921169   -2.3414958   0.75430804]"
Amplexograptus praetypicalis,"[ 1.2928529  -2.1085095   1.5037434   0.9704423   0.42458647  2.2241306
  0.06794233  2.7548356  -2.1394691  -0.44971564 -1.4579685  -1.1467253
 -1.5151503  -1.1760554   0.57536525 -2.1348906 ]"
Climacograptus (Climacograptus),"[ 1.3465878  -1.9745991   1.2283564   0.895122    0.69208366  2.3368108
  0.21241654  2.655991   -2.0170848  -0.67128104 -1.7020518  -1.1538566
 -1.6044774  -1.2891401   0.13400538 -2.1238678 ]"
Diplacanthograptus spiniferus,"[ 1.3433638  -2.209611    1.5815551   0.8584201   0.27826878  2.1420982
 -0.07883925  2.5216706  -2.2914212  -0.59328663 -1.2725497  -1.4397157
 -1.6477544  -1.1339489   0.52180034 -2.2670884 ]"
Callograptus cylindricus,"[-0.24383815 -1.3726923  -1.3728732  -3.1025515  -2.1317353  -1.339787
 -2.3996818   1.6490345  -0.20451714  2.5217307   0.5626423   0.00881749
  2.120862    0.7418937  -2.0489905  -1.765288  ]"
Staurograptus mojotorensis,"[-2.6288265e-01 -1.4430422e+00 -1.4386007e+00 -3.0143700e+00
 -2.0232205e+00 -1.0800352e+00 -2.2839816e+00  1.5193803e+00
 -9.6420899e-02  2.4526207e+00  5.2360755e-01 -2.8257864e-03
  2.0510929e+00  6.4512676e-01 -2.0980837e+00 -1.7176211e+00]"
Rhabdinopora umbellata,"[-0.13123576 -1.1899556  -1.3099478  -3.0157933  -2.0174627  -1.2552553
 -2.5044312   1.799856   -0.00954898  2.39358     0.24177086 -0.12493259
  2.0746834   0.7582961  -2.1416807  -1.9165032 ]"
Cymatograptus bidextro,"[-1.3071703  -1.4392599   1.8675061  -1.8757806  -0.21070921 -0.97739255
 -1.3399824  -1.3774743  -2.9885557   2.1079226   2.2228687   1.8742311
  1.7937354   1.8326652   0.29249737  0.95003307]"
Azygograptus lapworthi,"[-3.2128341e+00  1.0467484e+00  1.8118608e+00 -5.6531328e-01
  1.7791348e+00  1.0999433e+00  1.6033757e-04 -1.3386078e+00
 -2.3605852e+00  1.7077466e+00  1.6960731e+00 -1.0279611e+00
  1.6969485e+00  2.3261299e+00 -1.2909089e+00  7.7826655e-01]"
Corymbograptus vfractus,"[-1.9341224  -1.3011914   0.5975539  -2.324978   -1.705829   -1.2991002
 -1.8264215   0.07255714 -1.6407915   2.6123834   0.95011157  0.979539
  2.1366155   0.85333365 -1.810664   -0.66310716]"
Trichograptus dilaceratus,"[-1.7681284  -1.4761761   1.6397679  -1.5968165  -0.3125633  -0.79539955
 -1.6638197  -1.3352406  -3.2330074   2.101182    2.0401454   2.1599338
  0.8077626   2.122706    0.4205787   0.9708448 ]"
Stimulograptus sedgwickii,"[ 2.1713095   2.6248195   1.4451648  -0.85485893  0.32574522 -2.49423
  0.2827072  -2.1717765   2.1473956  -1.524542   -1.6149309  -1.3063635
 -1.4479144  -2.0180824   2.2424712  -0.36167842]"
Didymograptus pusillus,"[-0.82035685 -1.537303   -0.2481205  -2.6284354  -1.865895   -1.5147138
 -1.8817537   0.0756878  -1.4462456   2.5624278   1.3216119   1.2964787
  2.133915    1.1682578  -1.7313073  -1.019371  ]"
Baltograptus extremus,"[-1.1006924  -1.4721445  -0.09042376 -2.5457578  -2.0470736  -1.6386733
 -1.8462642  -0.09533296 -1.4187149   2.5317132   1.4153581   1.4197241
  2.110204    0.9708659  -1.6784704  -1.0791534 ]"
Didymograptus filiformis,"[-1.812605   -1.9364358   2.1643994  -1.3661263   0.01800432 -1.0797274
 -1.359041   -1.3457649  -2.9166691   2.2342696   1.7791022   1.1939993
  1.5448813   1.4237705  -0.37480748  1.244503  ]"
Didymograptus demissus,"[-1.8393022  -1.7980715   1.9853019  -1.5787117   0.02000834 -0.99420923
 -1.1479001  -1.4462695  -2.7614048   2.3733633   1.8943462   1.2174575
  1.4923369   1.302648   -0.33733213  1.2326514 ]"
Expansograptus rigoletto,"[-2.104874   -1.6877129   2.054831   -1.4219593   0.17105687 -1.1302669
 -1.335719   -1.3315672  -2.9503374   2.4199903   1.8355753   0.98324674
  1.6012367   1.5022267  -0.36555147  1.277777  ]"
Kinnegraptus,"[-1.6055017  -1.7444601   1.9545282  -1.4997692   0.04561664 -0.990161
 -1.5303899  -1.2580979  -2.8640127   2.3737712   1.8354092   1.4210688
  1.4889746   1.4234619  -0.09274624  1.2356435 ]"
Didymograptus turgidus,"[-1.8190869  -1.5526253   2.0401032  -1.4153594  -0.22101341 -1.1619326
 -1.2374578  -1.3435584  -2.8416781   2.1998467   1.8146085   1.3779026
  1.4029267   1.7655255  -0.3685107   1.1527075 ]"
Baltograptus varicosus,"[-2.1046283  -1.842456    2.0619974  -1.3555497  -0.0198735  -1.1888143
 -1.3333398  -1.6798787  -2.8220372   2.413634    2.1001115   1.1467917
  1.2807801   1.5343695  -0.36859387  1.0399168 ]"
